CUST_ID;BALANCE;PURCHASES;CREDIT_LIMIT;PAYMENTS
C10001;40.900.749;95.04.00;1000.00.00;201.802.084
C10002;3.202.467.416;00.00;7000.00.00;4.103.032.597
C10003;2.495.148.862;773.17.00;7500.00.00;622.066.742
C10005;817.714.335;16.00;1200.00.00;678.334.763
C10006;1.809.828.751;1333.28.00;1800.00.00;140.005.777
C10007;627.260.806;7091.01.00;13500.0;6.354.314.328
C10008;1.823.652.743;436.02.00;2300.00.00;679.065.082
C10009;1.014.926.473;861.49.00;7000.00.00;688.278.568
C10010;152.225.975;1281.06.00;11000.0;1.164.770.591
C10011;1.293.124.939;920.12.00;1200.00.00;1.083.301.007
C10012;630.794.744;1492.18.00;2000.00.00;705.618.627
C10013;151.692.862;3217.99;3000.00.00;608.263.689
C10014;921.693.369;2137.93;7500.00.00;1.655.891.435
C10015;2.772.772.734;00.00;3000.00.00;805.647.974
C10016;6.886.213.231;1611.07.00;8000.00.00;1.993.439.277
C10017;2.072.074.354;00.00;3000.00.00;391.974.562
C10018;41.089.489;519.00.00;2500.00.00;254.590.662
C10019;1.989.072.228;504.35.00;13000.0;1.720.837.373
C10020;3.577.970.933;398.64;4000.00.00;1.053.980.464
C10021;2.016.684.686;176.68;2000.00.00;2.230.686
C10022;6.369.531.318;6359.95;11250.0;2.077.959.051
C10023;13.234.224;815.09.00;1800.00.00;2.359.629.958
C10024;3.800.151.377;4248.35.00;9000.00.00;9.479.043.842
C10025;5.368.571.219;00.00;6000.00.00;1.422.726.707
C10026;169.781.679;399.06.00;3000.00.00;215.306.142
C10027;161.596.724;102.00.00;1700.00.00;890.178.845
C10028;125.694.817;233.28.00;1000.00.00;207.773.715
C10029;7.152.864.372;387.05.00;10500.0;1.601.448.347
C10030;2.206.349;100.00.00;6900.00.00;160.767.773
C10031;1.213.621.996;3038.01.00;13000.0;4.230.323.491
C10032;1.162.273.324;1347.71;6000.00.00;645.998.299
C10033;6.732.823.064;324.95;10500.0;1.720.118.876
C10034;125.660.453;636.79;1200.00.00;423.449.696
C10035;3.517.101.616;547.28.00;11000.0;8.735.607.835
C10036;1.656.350.781;00.00;1800.00.00;351.500.199
C10037;7.427.076.941;00.00;9000.00.00;1.636.361.601
C10038;4.047.480.828;2380.55.00;5000.00.00;1.617.894.416
C10039;6.269.418.144;204.00.00;9000.00.00;1.237.111.661
C10040;141.160.223;963.24.00;7500.00.00;2.007.107.544
C10041;66.344.781;00.00;1800.00.00;306.705.783
C10043;784.889.762;1526.59.00;3000.00.00;1.262.309.666
C10044;4.104.710.798;203.82;4500.00.00;868.275.275
C10045;1.360.742.377;00.00;1500.00.00;378.294.227
C10046;5.315.945.594;1525.44.00;8500.00.00;1.430.341.501
C10048;474.447.149;109.74;1700.00.00;176.013.005
C10050;229.867.179;2390.06.00;3300.00.00;2.543.953.559
C10051;863.809.833;507.05.00;4000.00.00;587.866.451
C10052;4.931.331.857;901.42.00;12000.0;8.113.297.346
C10053;1.078.888.565;3107.85;2500.00.00;139.982.834
C10054;1.565.681.099;00.00;3500.00.00;691.825.279
C10055;464.674.156;1979.22.00;3000.00.00;3.110.052.742
C10059;2.386.330.629;5217.62;7500.00.00;5.678.729.613
C10060;3.971.138.765;00.00;4000.00.00;764.938.728
C10061;549.390.406;229.00.00;6000.00.00;2.110.557.023
C10062;1.879.114.033;113.00.00;6500.00.00;3.509.686.561
C10063;1.555.793.701;66.02.00;1600.00.00;338.083.661
C10064;809.582.978;00.00;4150.00.00;4.372.148.648
C10067;1.923.886.805;1887.64;1850.00.00;3.688.045.998
C10068;1.758.059.987;412.33.00;1800.00.00;777.451.648
C10069;809.847.455;00.00;1500.00.00;146.074.769
C10070;1.576.305.029;00.00;2500.00.00;540.022.225
C10071;3.990.523.579;263.05.00;6000.00.00;6.876.836.205
C10072;1.699.435.486;1363.69;1700.00.00;1.623.816.348
C10073;5.487.683.724;419.01.00;6250.00.00;1.288.214.909
C10074;2.990.422.186;4523.27.00;7000.00.00;2.823.269.446
C10075;65.601.301;00.00;7000.00.00;910.457.985
C10077;1.808.972.419;713.09.00;2250.00.00;889.017.418
C10078;532.334.517;791.94;6000.00.00;1.305.177.304
C10079;5.860.433.624;561.87;6000.00.00;1.990.044.998
C10080;1.727.638.449;606.11.00;11000.0;2.959.920.544
C10081;578.809.679;320.00.00;1500.00.00;1.438.910.569
C10082;1.205.716.678;00.00;1200.00.00;29.278.671
C10083;6.593.820.644;388.66;7000.00.00;1.624.583.114
C10084;17.357.563;244.85;5000.00.00;357.802.082
C10085;81.584.711;00.00;9500.00.00;116.569.033
C10086;378.631;133.05.00;12000.0;210.053.432
C10087;4.246.443;396.00.00;1200.00.00;725.606.194
C10088;1.935.362.486;4915.06.00;9000.00.00;4.921.066.897
C10089;134.917.202;1247.08.00;16500.0;1.275.229.436
C10090;7.069.950.386;1603.78;11000.0;4.589.873.897
C10092;8.181.251.131;2258.01.00;13500.0;3.021.575.846
C10093;4.037.305.658;45.00.00;4500.00.00;1.073.844.885
C10094;6.110.265.264;00.00;6500.00.00;1.502.205.631
C10095;9.381.255.094;5100.07.00;9000.00.00;6.409.496.345
C10096;197.700.709;1032.04.00;4000.00.00;3.056.424.974
C10097;132.147.608;45.65;1800.00.00;440.840.439
C10100;1.139.782.882;00.00;1200.00.00;151.823.651
C10101;1.619.955.708;739.44.00;6000.00.00;417.128.532
C10103;4.708.041;79.00.00;7000.00.00;217.820.198
C10105;4.875.885;20.00;1500.00.00;26.487.919
C10106;23.394.411;1346.28.00;2000.00.00;712.149.153
C10107;3.539.801.912;2823.08.00;5700.00.00;9.172.788.366
C10109;86.207.238;00.00;4000.00.00;2.236.890.255
C10110;2.441.542.991;808.00.00;4000.00.00;532.741.699
C10111;408.656.365;941.64;2500.00.00;109.778.942
C10112;4.986.400.804;00.00;8000.00.00;1.241.538.024
C10113;1.246.624.558;423.07.00;2000.00.00;577.050.373
C10114;6.644.201.651;4478.75;9000.00.00;1.085.794.321
C10115;156.216.753;1354.86;5500.00.00;858.976.682
C10117;5.322.994.094;2812.02.00;8500.00.00;1.509.423.237
C10118;645.856.209;00.00;7000.00.00;127.776.778
C10119;175.341.651;1508.09.00;5000.00.00;1.884.227.778
C10120;680.195.157;1045.57.00;3000.00.00;552.432.305
C10121;223.763.616;2309.78;6500.00.00;120.681.188
C10122;1.785.626.943;00.00;1800.00.00;687.691.735
C10123;54.933.231;495.00.00;7000.00.00;1.969.845.566
C10124;2.662.629.852;00.00;3000.00.00;932.418.855
C10125;8.504.876.253;6724.26.00;17000.0;1.888.756.861
C10127;2.114.158.683;5580.85;8500.00.00;3.564.977.774
C10128;2.876.396.444;00.00;3200.00.00;1.065.426.905
C10130;1.422.411.541;00.00;19000.0;3.066.614.272
C10131;2.392.917.738;12462.44;2800.00.00;1.162.871.557
C10132;57.453.201;00.00;1200.00.00;385.853.874
C10133;4.245.855.092;1957.03.00;5000.00.00;100.435.474
C10134;1.116.723.403;150.64;17000.0;2.606.059.389
C10137;4.637.848.144;1271.12.00;5000.00.00;1.906.032.044
C10138;2.428.497;250.06.00;3000.00.00;319.762.903
C10139;935.406.045;796.33.00;13000.0;1.066.465.866
C10140;231.108.995;440.00.00;4000.00.00;554.116.542
C10141;1.562.633.343;1330.62;2000.00.00;1.020.783.647
C10142;2.494.868.559;5491.79;17000.0;1.015.311.953
C10143;706.132.889;897.86;1200.00.00;972.358.048
C10144;1.904.313.856;22009.92;18000.0;2.301.857.583
C10145;2.235.103.331;720.06.00;2500.00.00;1.061.292.471
C10146;94.713.081;197.06.00;1000.00.00;492.200.419
C10147;764.042.156;00.00;7500.00.00;1.566.806.897
C10149;1.059.846.777;2084.48.00;21500.0;3.219.621.433
C10150;2.163.678.757;5779.36.00;6500.00.00;441.641.268
C10151;3.057.400.553;1025.00.00;7500.00.00;698.854.095
C10153;264.811.595;28.65;9000.00.00;1.235.630.069
C10154;110.822.253;944.96;1500.00.00;1.955.198.953
C10155;906.573.724;1039.02.00;13500.0;1.855.235.407
C10156;767.962.904;4059.93;7000.00.00;368.561.062
C10157;1.523.911.458;4075.37.00;6500.00.00;225.426.002
C10158;49.206.256;870.24.00;8000.00.00;835.839.952
C10159;1.367.307.961;9792.23.00;20000.0;1.171.730.794
C10160;106.455.975;2463.12.00;4000.00.00;2.573.722.764
C10161;119.760.904;1859.34.00;20000.0;3.104.275.623
C10163;1.734.510.004;00.00;1800.00.00;363.474.455
C10164;2.765.748.281;7283.31.00;11000.0;143.733.929
C10165;104.637.041;295.00.00;1200.00.00;439.407.082
C10166;2.737.367.678;00.00;3000.00.00;778.827.993
C10167;4.014.818.167;00.00;8500.00.00;1.009.185.035
C10168;871.568.977;648.22.00;1200.00.00;1.110.886.425
C10169;1.610.040.203;557.19.00;4000.00.00;422.711.848
C10170;114.593.817;469.98;1000.00.00;367.109.312
C10171;5.800.587.339;00.00;6500.00.00;1.346.365.584
C10172;823.103.926;131.64;8000.00.00;2.916.071.564
C10173;595.677.343;5078.14.00;15000.0;4.756.654.374
C10174;1.128.124.563;924.06.00;1000.00.00;1.202.711.782
C10175;349.441.102;1975.04.00;4000.00.00;1.795.012.223
C10176;840.804.076;00.00;4000.00.00;3.621.266.477
C10177;975.942.008;10221.35;10500.0;1.069.349.585
C10178;23.111.088;300.00.00;12500.0;291.948.834
C10179;2.187.732.265;00.00;3000.00.00;1.423.788.603
C10180;1.197.201.104;5715.00.00;14000.0;4.639.513.745
C10181;1.608.451.822;00.00;1800.00.00;470.565.984
C10183;2.933.240.476;00.00;3000.00.00;2.431.578.544
C10184;336.799.916;3535.08.00;20000.0;2.814.231.227
C10185;36.236.312;256.11.00;5300.00.00;831.375.322
C10186;90.329.781;2697.48.00;2500.00.00;1.686.196.344
C10188;2.881.253.586;117.00.00;4500.00.00;1.730.183.238
C10190;117.442.684;653.73;10000.0;441.588.141
C10191;168.522.709;2009.05.00;1200.00.00;2.612.760.497
C10192;1.706.014.379;147.78;6000.00.00;1.186.062.765
C10193;874.583.247;516.54.00;900.00.00;579.749.308
C10196;966.251.742;311.45.00;1500.00.00;277.522.439
C10197;38.615.644;280.04.00;6150.00.00;254.392.984
C10199;40.417.255;79.02.00;4000.00.00;1.647.880.773
C10200;5.462.897.068;1453.32.00;16500.0;1.382.269.127
C10201;3.983.923.705;756.54.00;4000.00.00;1.110.870.941
C10202;5.588.846.272;3507.35.00;11500.0;1.412.597.253
C10203;281.170.378;3163.69;8000.00.00;2.422.911.622
C10204;130.251.538;1343.19.00;15000.0;104.355.929
C10205;1.973.814.964;873.00.00;8000.00.00;541.722.532
C10206;5.698.539.876;47.55.00;6000.00.00;2.976.579.866
C10207;43.103.899;370.00.00;23000.0;1.212.054.219
C10208;566.546.048;405.75;2000.00.00;1.249.835.142
C10209;24.527.253;261.64;4000.00.00;376.758.504
C10211;8.350.145.568;1989.28.00;14000.0;4.720.900.413
C10212;4.559.779.234;10848.5;7500.00.00;9.423.715.495
C10213;267.713;43.39.00;4000.00.00;130.107.234
C10214;1.570.682.346;645.32.00;1800.00.00;2.591.391.006
C10215;7.201.736.985;987.01.00;10500.0;1.941.541.158
C10216;6.467.885.013;1464.14.00;11500.0;1.658.563.509
C10217;64.080.909;927.00.00;5000.00.00;126.016.384
C10218;5.635.860.679;393.62;10000.0;1.919.630.466
C10219;367.050.596;965.05.00;7500.00.00;1.034.932.404
C10220;2.458.376.257;00.00;7500.00.00;454.363.481
C10221;768.004.936;336.41.00;6000.00.00;947.696.134
C10222;75.647.479;540.00.00;4000.00.00;548.967.281
C10224;1.121.730.896;878.52.00;1500.00.00;542.836.917
C10226;756.809;144.26.00;11500.0;134.710.832
C10227;2.053.441.598;493.85;2000.00.00;2.795.059.574
C10228;2.422.311.938;4490.69;8500.00.00;5.763.666.926
C10229;9.047.621.884;11188.62;10000.0;1.199.441.815
C10230;3.061.213.971;1829.02.00;7000.00.00;971.234.118
C10231;41.642.389;75.99;2700.00.00;69.163.384
C10232;5.431.622.968;1824.16.00;14500.0;1.508.016.452
C10233;6.571.484.039;9325.22.00;8500.00.00;1.103.672.668
C10234;28.461.629;100.00.00;4000.00.00;125.769.169
C10235;4.178.625.215;1431.89;4000.00.00;2.384.542.045
C10236;3.019.019.487;2260.41.00;8500.00.00;2.187.930.651
C10237;1.045.584;00.00;1200.00.00;1.068.581.252
C10238;2.723.369.217;10410.49;19500.0;9.695.650.901
C10239;1.070.999.446;990.07.00;1400.00.00;505.317.328
C10240;279.608.696;3034.92;2900.00.00;2.928.909.865
C10241;1.255.901.821;1038.81;5700.00.00;1.215.454.299
C10242;2.229.857.287;45.65;2500.00.00;5.427.463
C10243;2.363.489.077;2641.98;3000.00.00;1.839.928.884
C10245;7.623.224.897;300.00.00;12000.0;1.975.974.183
C10246;3.421.571.922;126.69;10500.0;2.515.435.738
C10247;48.898.611;247.09.00;5500.00.00;409.594.792
C10248;1.874.716.289;301.01.00;1950.00.00;586.974.046
C10250;237.235.398;2410.07.00;4000.00.00;3.773.727.455
C10251;1.272.927.288;5350.19.00;8000.00.00;5.825.602.115
C10252;558.476.701;630.03.00;5500.00.00;426.092.563
C10253;2.814.207.626;3197.24.00;3000.00.00;3.574.480.603
C10254;8.061.012;133.00.00;3000.00.00;13.061.272
C10255;435.862.142;1646.16.00;12000.0;1.055.835.407
C10256;6.390.383;79.66;1500.00.00;75.896.288
C10257;961.221.512;319.92;12000.0;1.099.389.211
C10258;7.938.559.134;3677.52.00;12500.0;2.657.856.602
C10259;2.344.478.291;1041.63;4000.00.00;3.033.665.478
C10260;99.648.222;675.96;1000.00.00;1.851.602.411
C10261;19.508.047;193.14.00;2000.00.00;22.046.377
C10262;185.640.313;1703.23.00;11500.0;1.449.039.414
C10263;5.335.302.925;00.00;6000.00.00;1.350.318.606
C10265;22.189.283;234.16.00;1500.00.00;479.910.499
C10266;5.871.769;29.68;10000.0;76.943.584
C10267;1.049.496.471;1322.67;11000.0;80.238.543
C10269;5.570.190.127;1607.88;13500.0;1.583.411.686
C10270;1.668.591.831;00.00;1800.00.00;2.166.981.163
C10271;2.224.590.946;3183.00.00;9000.00.00;3.823.346.244
C10272;2.903.781.184;3014.23.00;4500.00.00;1.350.370.286
C10273;2.041.480.046;7323.38.00;3000.00.00;3.792.095.079
C10274;7.755.698.607;8533.54.00;10000.0;4.758.209.146
C10275;614.263.149;408.93;9000.00.00;2.161.153.147
C10276;8.097.334.733;3999.92;7500.00.00;5.624.074.339
C10277;108.233.027;2980.46.00;6000.00.00;1.116.967.993
C10278;273.466.412;560.73;7500.00.00;717.798.364
C10279;80.708.806;569.09.00;9500.00.00;634.000.055
C10280;2.554.525.229;6186.77;10950.0;1.119.892.613
C10281;535.947.221;4550.81;8500.00.00;4.317.191.232
C10282;3.905.365.959;150.08.00;7500.00.00;990.524.408
C10283;156.278.339;1385.01.00;14000.0;1.280.473.571
C10284;5.131.319.584;32539.78;11500.0;2.665.234.432
C10285;5.265.763.713;410.24.00;16500.0;120.053.074
C10286;2.564.117;47.95;1500.00.00;294.507.498
C10287;1.873.084.577;126.57.00;2100.00.00;483.557.464
C10289;1.473.495.809;414.00.00;10500.0;586.394.034
C10290;150.482.705;2010.00.00;8500.00.00;859.829.946
C10291;7.645.108.427;4693.15.00;13500.0;478.664.868
C10292;112.933.758;498.96;1000.00.00;829.505.486
C10293;668.956.687;224.02.00;9500.00.00;568.336.995
C10294;2.302.184.366;2856.57.00;2500.00.00;2.914.419.813
C10295;272.711.518;00.00;3000.00.00;2.755.877.257
C10296;4.246.430.225;00.00;7000.00.00;6.010.525.656
C10297;2.420.761.135;00.00;3000.00.00;871.713.321
C10298;2.935.324.966;409.63;5000.00.00;58.013.865
C10299;83.148.283;843.34.00;6500.00.00;1.024.267.592
C10300;5.469.851.311;00.00;6000.00.00;1.362.966.798
C10301;280.142.117;2236.49.00;10000.0;1.986.838.064
C10302;5.790.930.626;464.51.00;6000.00.00;1.515.594.331
C10303;3.605.714.046;1779.00.00;5000.00.00;85.605.828
C10304;3.992.261.885;00.00;4000.00.00;1.057.678.259
C10305;41.833.264;456.36.00;6000.00.00;370.996.177
C10306;635.090.434;5758.71;2900.00.00;794.357.021
C10307;15.211.681;245.98;6000.00.00;2.261.523.522
C10308;5.547.092.593;00.00;12000.0;1.786.142.816
C10309;2.503.107.213;733.09.00;3000.00.00;1.620.193.277
C10310;191.450.711;1641.07.00;500.00.00;1.583.918.811
C10311;362.170.204;674.73;4000.00.00;1.139.058.595
C10312;2.762.479.434;2702.47.00;11000.0;7.596.768.364
C10313;4.338.606.862;00.00;8000.00.00;8.019.800.702
C10314;388.873.921;1579.15.00;2700.00.00;451.600.059
C10315;9.261.310.686;00.00;11000.0;1.933.413.908
C10316;208.131.845;2161.38.00;4500.00.00;2.059.879.468
C10317;169.088.238;1482.19.00;6000.00.00;1.289.570.234
C10318;133.911.556;1446.05.00;3500.00.00;1.364.121.036
C10319;161.334.907;00.00;4500.00.00;312.433.361
C10321;53.208.422;498.17.00;15000.0;611.606.459
C10322;1.329.967.543;2009.12.00;2500.00.00;2.715.972.095
C10324;927.041.961;00.00;1000.00.00;719.974.244
C10325;1.872.767.651;00.00;5500.00.00;1.151.721.386
C10326;185.396.312;00.00;1000.00.00;117.542.764
C10327;4.823.822.993;00.00;7000.00.00;86.362.306
C10328;994.105.777;126.02.00;1950.00.00;314.302.968
C10329;40.089.221;225.00.00;1500.00.00;325.578.502
C10331;473.237.354;0.649305556;5700.00.00;1.289.284.068
C10332;9.206.811.696;874.98;12500.0;2.055.100.879
C10333;6.719.376.505;00.00;7500.00.00;1.493.089.193
C10334;2.233.074.041;445.02.00;8000.00.00;1.042.991.769
C10335;1.867.649.838;00.00;4500.00.00;476.162.309
C10336;57.842.746;689.34.00;1500.00.00;453.842.413
C10337;4.194.033.835;2006.87;21000.0;1.971.409.728
C10338;2.459.862.339;678.00.00;2500.00.00;192.631.853
C10339;850.630.114;00.05;1000.00.00;1.084.281.127
C10340;353.198.215;3085.69;8500.00.00;2.690.525.687
C10341;2.669.160.638;00.00;3000.00.00;642.777.061
C10342;92.440.743;1080.00.00;6000.00.00;1.077.058.667
C10343;706.675.991;2721.16.00;6500.00.00;4.952.900.653
C10344;361.319.366;3095.96;14000.0;4.003.782.858
C10345;2.324.086.254;00.00;2300.00.00;2.147.890.523
C10346;2.922.487.907;71.07.00;9500.00.00;9.226.751.112
C10347;98.364.739;65.00.00;1200.00.00;718.794.328
C10348;498.208.616;4786.61;9000.00.00;3.805.669.705
C10349;1.693.339;174.42.00;2500.00.00;34.708.638
C10350;3.355.631.092;242.88;13500.0;6.084.115.091
C10351;907.982.017;216.94;3200.00.00;22.202.316
C10352;1.132.386.178;2246.03.00;6000.00.00;320.486.122
C10353;12.546.691;361.73;1500.00.00;535.606.816
C10354;80.336.636;330.00.00;1800.00.00;345.330.572
C10355;260.838.885;2854.11.00;9500.00.00;2.437.332.725
C10356;17.356.961;390.00.00;2000.00.00;302.454.171
C10357;1.897.672.025;422.18.00;5500.00.00;2.961.632.199
C10358;1.032.241.153;1005.52.00;3000.00.00;1.866.265.366
C10359;3.536.601.227;2132.93;11000.0;8.251.146.946
C10360;21.580.264;284.72;5000.00.00;344.161.416
C10361;4.211.539.631;00.00;10500.0;1.288.287.239
C10362;1.732.715.258;3244.16.00;11500.0;5.674.185.857
C10364;8.939.461.145;2490.17.00;9500.00.00;3.957.017.497
C10366;41.754.778;636.15.00;8500.00.00;918.414.211
C10367;1.937.246.177;3018.93;5000.00.00;3.909.837.604
C10368;99.955.082;1222.97;19500.0;1.142.077.891
C10369;5.135.604.593;110.18.00;6000.00.00;1.716.998.424
C10370;214.896.542;00.00;3000.00.00;2.298.902.197
C10371;1.543.287.931;00.00;1800.00.00;548.589.391
C10372;60.192.037;983.77;2400.00.00;389.411.161
C10373;126.105.733;00.00;1500.00.00;866.865.018
C10374;85.285.023;423.24.00;11000.0;29.601.675
C10375;1.903.688.611;6079.05.00;7300.00.00;1.855.239.489
C10376;813.068.705;439.38.00;1200.00.00;237.996.469
C10377;1.279.325.142;1207.25.00;1200.00.00;1.282.705.869
C10378;237.669.312;259.13.00;2300.00.00;2.680.635.587
C10379;5.747.761.139;1627.69;5500.00.00;2.507.704.747
C10380;7.760.940.543;00.00;8000.00.00;2.845.010.795
C10381;6.388.108.487;00.00;8000.00.00;1.097.314.532
C10382;426.372.628;5749.96;12000.0;5.711.540.654
C10383;8.806.866.629;1490.94;9000.00.00;2.116.662.516
C10385;1.128.229.387;5068.88;4500.00.00;3.904.568.067
C10386;2.045.541.408;1067.28.00;2000.00.00;2.021.775.795
C10387;8.520.292;64.12.00;7000.00.00;176.600.545
C10388;1.127.895.243;6855.59.00;18500.0;4.868.088.671
C10389;143.443.832;1631.00.00;2500.00.00;2.550.799.492
C10390;241.223.955;180.91;1400.00.00;802.858.576
C10391;1.528.571.561;00.00;1600.00.00;353.582.373
C10392;1.247.472.954;136.88;14000.0;3.519.008.859
C10393;566.147.105;00.00;2000.00.00;1.177.661.577
C10395;1.077.606.225;343.21.00;1500.00.00;930.328.071
C10396;1.838.084;16.05;6000.00.00;57.595.083
C10397;507.144.348;5708.18.00;4000.00.00;5.589.952.268
C10398;81.682.453;42.03.00;6000.00.00;361.853.722
C10399;1.526.506.915;46.67;1800.00.00;338.413.344
C10400;7.957.017.218;00.00;9000.00.00;677.144.841
C10402;79.189.929;699.12.00;2500.00.00;697.977.603
C10403;497.908.027;245.39.00;4000.00.00;328.796.655
C10404;68.195.925;98.00.00;4000.00.00;192.369.983
C10405;1.535.248.256;857.36.00;6550.00.00;3.239.629.759
C10406;1.508.513.765;2747.12.00;5000.00.00;4.730.374.245
C10407;1.120.937.076;11147.33;11000.0;793.277.402
C10408;2.013.504;600.00.00;1000.00.00;249.066.308
C10409;2.502.264.409;00.00;10000.0;541.308.981
C10410;4.543.789.386;255.12.00;8500.00.00;1.703.332.126
C10411;918.342.234;1221.53.00;1200.00.00;1.421.035.206
C10412;5.066.744.231;00.00;13000.0;1.336.016.317
C10413;2.259.431.829;780.64;3500.00.00;663.553.502
C10414;437.789.873;1532.01.00;5000.00.00;1.834.368.953
C10415;2.025.162.877;778.33.00;2000.00.00;1.411.329.676
C10416;3.770.560.441;964.06.00;6000.00.00;56.571.913
C10417;140.730.723;1667.13.00;13000.0;1.669.260.634
C10420;3.298.692.478;1088.83;9000.00.00;6.862.520.735
C10422;1.874.843.394;00.00;2100.00.00;444.783.009
C10423;3.024.629.054;00.00;4500.00.00;4.226.578.611
C10424;154.641.707;1897.92;13500.0;5.563.437.084
C10425;1.322.057.239;00.00;6200.00.00;802.038.512
C10426;62.287.137;1263.29.00;9500.00.00;1.356.425.369
C10428;4.664.023.286;340.00.00;6000.00.00;2.162.141.639
C10429;31.803.434;1277.58.00;7000.00.00;552.734.714
C10430;681.615.445;4117.24.00;6000.00.00;4.561.589.382
C10431;933.531.417;226.23.00;15000.0;1.885.239.981
C10432;6.404.955.912;3970.08.00;7500.00.00;3.879.252.512
C10433;133.405.494;1346.09.00;8000.00.00;1.369.437.449
C10434;1.403.597.712;1050.83;5000.00.00;4.673.520.993
C10435;469.878.834;1364.99;2000.00.00;184.910.398
C10436;1.452.437.463;00.00;1500.00.00;331.670.616
C10438;6.032.740.391;7553.48.00;13500.0;5.377.338.091
C10439;1.692.755.487;570.16.00;9000.00.00;612.431.525
C10441;3.534.253.718;566.28.00;4000.00.00;1.298.823.687
C10442;654.574.445;00.00;8000.00.00;422.878.799
C10443;1.648.721.384;00.00;1800.00.00;357.836.436
C10444;6.822.877.573;137.34.00;10000.0;1.874.954.894
C10445;8.647.057.641;00.00;10000.0;2.052.533.488
C10446;5.055.582.822;00.00;9000.00.00;6.918.272.206
C10447;4.245.550.244;332.82;5000.00.00;5.810.994.681
C10448;541.915.572;1377.72;2500.00.00;182.177.646
C10449;4.855.340.797;00.00;6000.00.00;2.996.735.376
C10450;981.643.409;00.00;1500.00.00;2.008.971.745
C10451;7.057.658.848;360.07.00;8000.00.00;5.147.693.822
C10452;4.264.307.261;222.64;4500.00.00;1.017.241.855
C10453;4.503.390.811;1634.74;13000.0;1.094.345.336
C10454;969.294.446;00.00;1200.00.00;591.853.821
C10455;4.479.115.547;759.15.00;6000.00.00;994.500.495
C10456;37.753.941;243.36.00;1800.00.00;546.417.272
C10457;7.386.704.481;00.00;10500.0;7.566.577.763
C10458;1.265.805.627;00.00;2500.00.00;1.370.235.544
C10459;59.878.776;519.00.00;4500.00.00;621.255.763
C10460;3.143.928.913;3055.87;4500.00.00;2.198.293.667
C10461;5.580.530.306;2470.04.00;9500.00.00;3.340.041.274
C10462;576.635.957;1671.06.00;1800.00.00;1.021.907.217
C10463;51.818.382;903.36.00;15000.0;538.841.222
C10466;1.036.595.935;00.00;1200.00.00;274.653.536
C10467;2.112.921;229.05.00;3150.00.00;423.206.638
C10468;1.534.969.344;1476.19.00;2500.00.00;1.493.919.986
C10469;499.404.832;2506.89;8500.00.00;1.230.219.396
C10470;4.700.106.602;2570.00.00;4500.00.00;3.259.958.288
C10471;9.601.071.318;238.34.00;15000.0;1.194.510.762
C10472;1.207.888.199;1342.36.00;4000.00.00;288.883.026
C10473;87.442.862;786.32.00;7500.00.00;881.284.581
C10474;123.394.089;1450.68;6000.00.00;1.583.421.932
C10475;395.052.994;1239.46.00;1500.00.00;401.217.047
C10476;1.715.459.275;96.75;1800.00.00;452.225.512
C10477;1.492.039.988;4106.15.00;12000.0;9.678.173.119
C10478;636.669.685;2022.38.00;6000.00.00;939.306.791
C10480;223.772.475;3654.08.00;2500.00.00;3.301.334.578
C10481;1.122.603.377;883.73;3000.00.00;632.062.443
C10482;805.131.074;795.54.00;1700.00.00;1.804.065.076
C10483;869.001.444;00.00;1200.00.00;541.101.815
C10484;4.458.055.159;00.00;7500.00.00;1.088.755.323
C10485;2.070.069.187;1382.57.00;2400.00.00;15.800.815
C10486;52.229.659;565.05.00;8500.00.00;2.768.795.805
C10487;6.426.639.738;4462.86;11800.0;1.793.043.228
C10488;206.596.865;1726.67;6000.00.00;4.804.383.296
C10489;5.810.748.774;217.00.00;9000.00.00;1.042.837.611
C10490;3.872.605.467;00.00;4000.00.00;1.067.405.461
C10491;2.597.400.267;1748.73;6500.00.00;2.497.488.126
C10492;148.143.247;00.00;1800.00.00;586.426.259
C10493;113.553.683;50.98;1200.00.00;320.592.941
C10494;3.430.981.532;378.04.00;11300.0;4.315.936.534
C10495;4.102.599.015;1483.12.00;5000.00.00;135.736.111
C10497;150.952.465;6407.67;14500.0;3.484.429.075
C10498;3.170.537.693;00.00;3500.00.00;54.723.924
C10501;911.281.862;70.00.00;8500.00.00;566.292.758
C10502;45.753.138;449.96;7000.00.00;1.023.209.164
C10503;456.648.662;3355.33.00;6500.00.00;2.087.871.747
C10504;198.035.504;00.00;10000.0;1.448.146.544
C10505;473.840.442;00.00;3000.00.00;142.286.073
C10506;285.813.075;3220.09.00;15000.0;826.764.555
C10507;204.329.381;6558.55.00;7000.00.00;5.872.707.939
C10508;3.690.177.649;00.00;4000.00.00;1.006.358.943
C10509;327.445.978;4305.05.00;9500.00.00;4.030.061.017
C10510;6.856.045.926;262.01.00;13000.0;1.629.239.381
C10511;155.644.239;1626.83;13000.0;1.924.101.393
C10512;4.263.008.734;3522.57.00;6000.00.00;1.165.621.928
C10513;1.024.971.178;00.00;18000.0;2.662.365.409
C10514;813.185.305;8194.05.00;6000.00.00;7.069.804.042
C10515;911.893.997;1604.08.00;4500.00.00;191.366.024
C10516;356.323.692;709.09.00;7000.00.00;826.576.112
C10517;1.247.817.286;174.00.00;14000.0;3.251.190.662
C10518;206.127.937;00.00;4500.00.00;552.713.988
C10519;1.556.376.158;00.00;1700.00.00;1.076.722.225
C10520;126.207.012;913.00.00;7500.00.00;1.718.487.894
C10521;2.516.753.364;606.62;2750.00.00;1.043.617.154
C10522;1.199.942.209;1447.01.00;2400.00.00;642.723.723
C10523;1.347.928.821;41050.4;17000.0;3.606.675.068
C10524;80.062.693;727.27.00;20000.0;822.928.249
C10525;839.897.907;1869.88;4000.00.00;999.235.386
C10526;128.175.207;182.94;5000.00.00;1.391.649.702
C10527;476.368;379.28.00;2500.00.00;641.943.628
C10528;1.529.206.464;874.94;1500.00.00;716.241.063
C10529;2.643.343.414;26402.39;16500.0;2.452.927.662
C10530;2.924.757.622;00.00;3000.00.00;677.649.435
C10532;5.036.870.531;1752.15.00;10300.0;1.489.597.574
C10533;32.042.424;400.41.00;4500.00.00;353.570.259
C10534;2.549.128.288;13771.63;14500.0;1.682.642.443
C10535;3.718.606.699;1172.68;9500.00.00;4.820.842.925
C10536;4.914.325.665;1653.06.00;5000.00.00;3.410.253.378
C10537;1.191.584.153;4238.79;10500.0;3.528.728.592
C10538;98.420.888;907.37.00;10000.0;908.907.467
C10539;1.534.891.604;00.00;3000.00.00;304.984.801
C10542;4.342.718;569.34.00;16500.0;758.421.856
C10543;1.874.601.636;305.78;1500.00.00;518.757.481
C10544;152.582.259;529.03.00;19000.0;205.114.647
C10545;4.497.213.951;2001.19.00;4500.00.00;3.058.768.463
C10546;986.149.218;00.00;3000.00.00;832.894.753
C10547;257.997.181;1020.47.00;6500.00.00;109.915.757
C10548;4.507.733.288;4754.32.00;9500.00.00;192.473.689
C10549;1.117.635.883;00.00;1200.00.00;308.089.987
C10550;5.083.397.311;331.95;8000.00.00;4.453.691.497
C10551;3.649.559.565;1490.00.00;12500.0;573.307.364
C10552;7.745.581;558.28.00;8000.00.00;601.746.596
C10553;1.362.418.281;1477.44.00;1500.00.00;559.095.981
C10554;18.912.074;1051.01.00;3000.00.00;1.301.155.857
C10555;2.374.663.583;2242.26.00;2850.00.00;2.073.374.513
C10556;1.112.070.216;179.24.00;4000.00.00;217.546.584
C10557;2.569.379.868;972.65;5500.00.00;807.047.622
C10558;2.883.906.333;4620.34.00;7500.00.00;6.476.333.335
C10559;71.046.063;1023.08.00;20000.0;5.872.895.164
C10560;3.366.051.663;6344.03.00;12000.0;2.890.901.993
C10561;7.190.047.748;1549.61;17500.0;1.727.425.472
C10562;68.039.722;734.11.00;5000.00.00;1.537.307.484
C10563;5.066.461.251;2274.21.00;5000.00.00;5.174.255.034
C10564;2.454.610.005;1635.69;3000.00.00;1.442.488.419
C10565;64.329.876;627.03.00;6000.00.00;1.513.704.151
C10566;128.463.314;55.05.00;3000.00.00;3.432.757.202
C10567;7.693.561;277.00.00;8500.00.00;814.605.178
C10568;950.563.525;7479.95;15000.0;7.521.226.078
C10569;5.178.179.489;3937.59.00;9500.00.00;1.248.498.168
C10570;531.455.619;6300.04.00;16500.0;4.924.941.312
C10571;2.636.992;1856.64;1800.00.00;1.591.559.543
C10572;492.070.146;4924.41.00;10500.0;3.430.597.877
C10573;1.034.660.626;1308.11.00;1500.00.00;236.764.555
C10574;1.154.752.001;49039.57;22500.0;4.693.059.824
C10575;8.997.488.544;4604.72;9000.00.00;4.201.889.848
C10576;91.494.096;227.08.00;9500.00.00;6.710.905.443
C10577;1.296.922.119;2327.49.00;6000.00.00;2.322.412.643
C10578;1.758.979.585;1199.00.00;6750.00.00;1.163.438.713
C10579;194.493.602;1174.76;4500.00.00;1.280.294.998
C10580;329.437.955;00.00;4000.00.00;1.084.059.239
C10581;5.404.202.992;469.00.00;7000.00.00;2.676.467.444
C10582;5.484.800.476;00.00;6000.00.00;2.060.020.446
C10583;181.463.092;133.39.00;2500.00.00;168.425.788
C10584;1.311.732.049;10700.63;6000.00.00;9.853.313.787
C10585;542.218.074;00.00;1500.00.00;1.328.855.136
C10586;1.029.101.022;49.01.00;1000.00.00;59.924.534
C10587;1.202.975.648;11313.77;6000.00.00;1.071.804.224
C10588;1.095.379.426;00.00;1200.00.00;432.048.813
C10589;4.546.766.836;3525.37.00;15000.0;1.408.396.809
C10590;28.934.197;258.74;12000.0;502.486.404
C10591;3.457.086.184;2448.06.00;1700.00.00;227.514.473
C10592;23.290.641;293.99;12500.0;287.796.655
C10593;9.559.783.145;709.00.00;10500.0;2.447.227.264
C10594;2.154.175.363;1628.07.00;5000.00.00;654.505.745
C10595;2.627.184.835;00.00;3150.00.00;394.285.767
C10596;2.689.586.312;00.00;7000.00.00;809.880.619
C10598;3.452.538.704;11681.64;10500.0;8.145.713.972
C10599;1.068.031.748;98.97;2500.00.00;3.594.989.864
C10600;7.295.920.263;00.00;7500.00.00;1.984.351.035
C10601;797.519.143;1142.15.00;9000.00.00;2.079.521.171
C10602;1.866.608.592;1494.05.00;8500.00.00;2.031.589.282
C10603;259.467.265;646.24.00;10000.0;540.021.578
C10604;1.298.191.599;00.00;3500.00.00;3.009.926.784
C10605;313.387.813;3608.88;15000.0;2.419.651.857
C10606;7.088.358.802;00.00;7500.00.00;4.539.526.102
C10607;4.458.045.588;00.00;5000.00.00;985.516.901
C10608;2.690.771.926;12465.21;13000.0;9.290.702.248
C10609;1.524.474.865;7823.74;19000.0;1.112.340.918
C10610;0.327199;24.64;1800.00.00;45.640.106
C10611;2.492.726.282;27957.68;9000.00.00;2.725.500.752
C10612;47.424.621;372.00.00;4000.00.00;662.401.178
C10613;4.114.723.127;1841.62;7500.00.00;7.780.322.889
C10615;2.450.031.338;1678.07.00;6500.00.00;682.930.065
C10616;8.781.831.676;11674.64;16000.0;103.773.612
C10617;1.642.024.936;2094.38.00;4500.00.00;576.699.993
C10618;2.739.836.747;00.00;3000.00.00;341.806.811
C10619;1.946.447.038;411.38.00;2500.00.00;1.403.266.638
C10620;9.962.695;99.19.00;4000.00.00;209.014.647
C10621;394.269.079;525.00.00;2500.00.00;3.747.367.504
C10622;5.935.917.803;1956.06.00;11500.0;1.553.147.417
C10623;266.588.825;1750.51.00;3500.00.00;2.103.253.278
C10624;917.732.846;18.41;1000.00.00;1.407.291.593
C10625;3.183.529.482;386.12.00;4000.00.00;4.441.185.925
C10626;2.071.736.764;00.00;2100.00.00;55.300.439
C10627;6.980.581.442;00.00;14500.0;1.498.338.478
C10628;724.261.595;625.46.00;7500.00.00;721.081.023
C10629;2.469.665.655;963.13.00;7000.00.00;56.687.028
C10630;202.190.447;2011.81;2100.00.00;3.144.544.042
C10631;6.787.661.776;99.05.00;8000.00.00;177.513.958
C10632;107.298.227;1084.09.00;8000.00.00;1.515.629.124
C10633;3.946.876.897;207.00.00;8500.00.00;1.494.101.923
C10634;1.246.393.805;1757.47.00;5000.00.00;1.254.376.139
C10635;7.155.328.723;3837.59.00;9500.00.00;1.773.994.594
C10636;2.147.939.753;117.57.00;8000.00.00;5.441.876.882
C10637;32.612.745;1223.41.00;6000.00.00;1.222.343.069
C10638;5.380.796.813;1710.24.00;6000.00.00;1.572.990.843
C10639;3.419.661.676;11.06;4000.00.00;745.984.976
C10640;8.900.194.109;00.00;12000.0;2.430.864.139
C10641;837.950.585;8273.18.00;7000.00.00;7.883.621.179
C10642;2.113.098.241;619.93;4000.00.00;529.829.894
C10643;16.371.699;190.00.00;4000.00.00;322.114.468
C10644;3.774.063.585;7680.08.00;11500.0;2.529.085.319
C10645;1.088.031.913;9734.63;8500.00.00;8.571.945.329
C10646;2.175.751;00.00;3000.00.00;278.731.912
C10647;5.248.392.421;8403.17.00;13000.0;8.495.972.927
C10648;9.581.344;118.06.00;3300.00.00;117.780.082
C10649;3.123.339.488;11202.09;7500.00.00;8.317.163.283
C10650;1.670.928.797;794.52.00;1750.00.00;1.083.625.844
C10651;537.389.322;1704.22.00;1500.00.00;679.888.456
C10652;1.803.955.439;1044.43.00;5000.00.00;1.068.805.913
C10653;2.394.126.386;3651.59.00;4500.00.00;6.925.337.419
C10654;544.879.717;6477.06.00;7500.00.00;6.381.236.136
C10655;288.474.257;1025.03.00;2800.00.00;1.148.409.463
C10656;1.434.097.191;00.00;2400.00.00;2.361.929.133
C10657;79.554.406;472.71;16000.0;563.830.183
C10658;2.134.513.436;733.35.00;3000.00.00;6.801.933.334
C10659;4.925.502.001;3050.72;11500.0;2.132.089.625
C10660;6.232.157;601.35.00;7000.00.00;704.075.312
C10661;1.062.752.143;00.00;1200.00.00;7.203.446
C10662;5.347.377.116;00.00;10500.0;3.239.303.839
C10663;8.555.864;00.00;5000.00.00;74.218.884
C10665;164.649.775;1764.86;10000.0;1.768.463.643
C10666;299.765.294;2352.02.00;6500.00.00;2.671.279.796
C10667;3.725.636.832;00.00;4000.00.00;1.221.274.221
C10668;306.877.248;3877.85;12500.0;3.639.443.058
C10669;1.441.195.798;5958.17.00;15000.0;7.839.750.264
C10670;1.759.969.888;5969.33.00;16500.0;7.272.999.505
C10671;1.482.235.539;14604.87;15500.0;1.446.263.056
C10672;6.014.806.806;433.63;7000.00.00;153.475.789
C10673;5.619.157.028;2790.76;14000.0;1.778.284.067
C10674;36.512.275;571.32.00;4000.00.00;5.308.488.824
C10675;1.728.079.372;00.00;1800.00.00;141.505.315
C10676;1.043.249.828;281.25.00;1200.00.00;63.496.657
C10677;2.571.925.816;1701.09.00;3000.00.00;710.210.734
C10678;77.605.254;14332.92;16000.0;7.116.531.862
C10679;61.644.247;490.06.00;18000.0;1.197.347.043
C10681;17.242.041;8371.19.00;3800.00.00;9.582.782.864
C10682;558.989.996;4552.44.00;5000.00.00;5.496.343.824
C10683;15.728.894;202.00.00;2000.00.00;200.169.721
C10684;3.808.073.463;6030.34.00;7000.00.00;1.708.485.192
C10685;28.394.518;379.03.00;2500.00.00;534.818.301
C10686;2.515.968.879;1877.24.00;8500.00.00;450.307.943
C10688;408.069.031;3660.97;7500.00.00;4.471.044.825
C10689;975.165.854;2281.56.00;20000.0;2.068.187.388
C10690;879.190.921;45.65;1200.00.00;1.589.980.022
C10691;233.138.017;1919.66;6000.00.00;6.725.483.653
C10692;2.720.711;685.08.00;13000.0;798.047.921
C10693;1.418.254.924;362.13.00;1200.00.00;496.114.334
C10695;331.586.253;3703.36.00;7500.00.00;3.229.189.675
C10696;1.035.945.471;12650.0;10500.0;7.566.470.234
C10697;2.144.477.682;228.35.00;4000.00.00;2.520.722.012
C10698;2.927.082.849;00.00;4000.00.00;862.790.575
C10699;654.747.715;1969.24.00;12000.0;2.011.781.378
C10700;1.162.770.552;533.36.00;1200.00.00;632.227.172
C10701;4.094.433.899;00.00;7500.00.00;1.070.599.052
C10702;278.142.977;1901.94;4500.00.00;1.624.241.905
C10703;5.941.847.384;00.00;7000.00.00;1.756.829.998
C10704;983.339.069;5601.54.00;7500.00.00;4.807.552.996
C10705;82.005.973;162.56.00;1000.00.00;215.685.296
C10706;7.025.757.291;66.32.00;9000.00.00;9.547.622.542
C10707;1.411.754;19.09;6500.00.00;49.622.958
C10708;5.656.069.801;362.36.00;8000.00.00;683.421.497
C10709;2.705.591.995;818.02.00;3000.00.00;405.534.116
C10710;235.294.264;1286.02.00;4000.00.00;1.272.434.565
C10711;3.472.806.962;1800.00.00;6000.00.00;2.214.368.263
C10712;2.892.138.807;00.00;3000.00.00;666.956.678
C10713;145.973.232;1131.08.00;18000.0;1.317.549.381
C10714;1.943.792.266;83.35.00;4000.00.00;290.353.132
C10715;2.119.537.904;342.07.00;3000.00.00;3.505.371.815
C10716;233.395.491;2025.00.00;6000.00.00;2.420.445.403
C10717;318.186.198;3548.64;20000.0;3.908.960.912
C10718;448.190.189;1687.29.00;11500.0;1.464.000.198
C10719;908.354.652;231.35.00;1000.00.00;16.197.536
C10720;546.844.163;2427.26.00;5000.00.00;1.747.703.784
C10721;763.327.047;579.28.00;1200.00.00;635.871.404
C10722;1.495.801.569;420.03.00;6600.00.00;1.283.885.302
C10723;7.006.751.866;328.92;10000.0;659.559.695
C10724;4.414.952.906;419.64;4200.00.00;467.204.852
C10725;255.052.529;3267.03.00;6000.00.00;2.841.850.383
C10726;1.167.045.536;294.13.00;1500.00.00;686.376.349
C10727;3.063.017.462;00.00;5500.00.00;757.537.513
C10728;1.546.216.153;00.00;3000.00.00;247.706.733
C10729;999.392.635;00.00;1500.00.00;1.724.178.215
C10730;338.699.251;171.92;4500.00.00;907.867.126
C10731;963.572.006;2210.97;9500.00.00;2.946.752.322
C10732;454.580.913;1229.57.00;2700.00.00;1.125.497.981
C10733;2.572.508.325;64.00.00;2800.00.00;373.433.094
C10734;259.659.993;00.00;3000.00.00;1.794.421.173
C10735;1.376.347.358;9670.84;17500.0;2.419.911.108
C10736;1.861.026.633;7446.18.00;10000.0;1.027.493.122
C10737;5.422.456.378;00.00;14000.0;1.661.693.077
C10738;838.616.485;375.57.00;6000.00.00;779.057.364
C10739;446.735.142;5228.36.00;3000.00.00;4.843.737.867
C10740;88.823.762;291.65;8000.00.00;341.378.477
C10741;821.916.526;1386.04.00;1500.00.00;238.348.011
C10742;3.714.539.663;1307.16.00;5000.00.00;1.529.771.263
C10743;7.811.234.174;00.00;16000.0;2.322.058.763
C10744;1.024.761.905;77.99;1200.00.00;55.523.373
C10745;2.386.932.058;861.79;6000.00.00;6.532.686.986
C10746;15.492.415;65.00.00;3000.00.00;19.221.233
C10747;2.643.876.192;798.34.00;4500.00.00;728.056.878
C10748;4.881.822.347;00.00;8500.00.00;1.227.062.915
C10749;1.855.212.121;32.22.00;2000.00.00;349.584.645
C10750;1.377.474.154;404.24.00;14500.0;3.167.870.886
C10751;251.151.609;00.00;1200.00.00;3.597.140.559
C10752;1.355.180.523;8820.67;6500.00.00;3.609.323.897
C10753;6.713.551.391;7590.08.00;10000.0;2.344.430.467
C10754;239.826.262;00.00;6000.00.00;738.312.743
C10755;1.433.857.464;1613.74;1500.00.00;1.361.684.623
C10756;142.406.825;1214.74;11000.0;94.191.753
C10757;660.397.749;776.89;1500.00.00;487.294.072
C10758;4.834.586.867;00.00;5500.00.00;874.365.824
C10759;2.571.284.657;00.00;2750.00.00;750.534.962
C10760;492.916.599;4371.82;20000.0;3.603.230.966
C10761;2.752.146.656;1648.53.00;6500.00.00;1.427.725.762
C10762;7.715.659.048;00.00;11500.0;1.777.003.806
C10763;0.25571;24.00.00;1500.00.00;9.533.313
C10764;95.865.855;1123.58.00;1500.00.00;3.245.496.885
C10765;1.439.343.061;571.91;2100.00.00;257.355.754
C10766;5.603.045.332;00.00;7500.00.00;6.135.140.807
C10767;1.691.842;00.00;1500.00.00;3.500.505
C10768;83.279.345;1080.11.00;9000.00.00;1.065.332.527
C10769;1.157.168.369;00.00;3000.00.00;264.548.484
C10770;1.560.533.094;749.57.00;6000.00.00;61.746.628
C10771;1.575.508.838;00.00;2500.00.00;260.843.536
C10772;1.544.979.869;880.19.00;1500.00.00;1.189.503.063
C10773;1.350.286.625;642.33.00;9000.00.00;323.683.167
C10774;1.261.488.342;890.02.00;3000.00.00;302.073.647
C10775;1.274.851.959;1798.24.00;1500.00.00;1.340.224.464
C10776;1.646.715.644;2720.68;5000.00.00;2.800.406.648
C10777;3.121.267.822;4139.56.00;9000.00.00;1.600.272.221
C10779;3.406.473.855;1140.00.00;3650.00.00;2.541.196.672
C10780;4.006.206.157;169.28.00;6000.00.00;1.553.157.125
C10781;915.424.422;00.00;1200.00.00;1.665.025.645
C10782;4.193.283.047;183.07.00;10500.0;1.030.093.462
C10783;1.039.709.989;00.00;13000.0;3.222.169.406
C10784;2.830.364.475;1412.76;5000.00.00;6.940.278.105
C10785;5.499.895.765;00.00;6000.00.00;1.445.294.493
C10786;815.427.615;1936.01.00;2000.00.00;1.759.115.089
C10787;756.041.971;2486.01.00;4000.00.00;948.092.359
C10788;5.271.415.483;00.00;6500.00.00;1.479.003.541
C10789;23.276.656;796.56.00;4000.00.00;912.478.311
C10790;5.639.464.394;717.18.00;7000.00.00;1.460.652.254
C10791;530.890.635;00.00;9500.00.00;1.334.749.456
C10792;62.209.376;782.88;3000.00.00;2.941.300.379
C10793;205.232.561;00.00;2000.00.00;529.203.224
C10794;56.720.267;260.00.00;5500.00.00;278.975.102
C10795;1.121.068.043;00.00;1200.00.00;23.609.244
C10796;947.018.498;49.19.00;12000.0;2.230.957.196
C10797;2.388.503.738;4021.29.00;5000.00.00;2.851.045.852
C10798;1.955.179.305;503.45.00;10500.0;685.660.178
C10799;432.915.949;4430.17.00;8500.00.00;4.301.600.928
C10800;2.027.896.903;933.05.00;3000.00.00;393.417.404
C10803;182.243.199;177.23.00;2500.00.00;1.136.340.121
C10804;1.557.750.089;283.06.00;5000.00.00;424.829.757
C10805;3.879.064.446;9796.28.00;19000.0;1.266.790.527
C10806;708.509.086;2109.61;6500.00.00;4.591.162.882
C10807;274.860.877;00.00;3000.00.00;808.881.566
C10808;4.343.537.475;1326.03.00;4500.00.00;1.373.689.245
C10809;8.646.143.734;00.00;10000.0;111.928.048
C10810;90.445.498;00.00;3500.00.00;79.242.572
C10812;298.592.251;1804.09.00;7500.00.00;1.672.051.219
C10813;88.242.406;758.31.00;6000.00.00;50.141.401
C10814;14.731.998;121.05.00;4000.00.00;137.148.597
C10815;5.211.229.218;00.00;5500.00.00;1.009.545.319
C10816;835.007.085;90.39.00;1500.00.00;254.561.828
C10818;1.782.997.768;00.00;10000.0;1.592.328.722
C10819;2.435.823.938;749.03.00;8500.00.00;2.501.125.038
C10820;10.096.031;184.92;4000.00.00;185.189.285
C10821;1.524.409.377;70.00.00;1500.00.00;973.097.522
C10822;1.819.529.197;219.26.00;2500.00.00;518.949.471
C10823;4.607.593;44.55.00;6000.00.00;267.147.917
C10824;644.530.629;268.68;1200.00.00;155.768.946
C10826;197.555.397;1876.08.00;5000.00.00;1.715.207.478
C10827;1.716.622.291;455.76;1700.00.00;881.425.823
C10828;26.680.023;520.05.00;4000.00.00;551.370.293
C10829;5.359.980.872;00.00;6000.00.00;638.144.031
C10830;77.254.691;8519.02.00;17500.0;5.828.994.002
C10831;83.477.053;00.00;3000.00.00;1.290.218.813
C10832;2.654.816.967;00.00;4000.00.00;3.225.132.002
C10833;81.762.162;777.04.00;7500.00.00;753.811.533
C10835;1.773.445.786;4504.25.00;8500.00.00;27.870.437
C10836;22.707.351;2370.01.00;4200.00.00;1.948.361.057
C10837;155.924.331;517.14.00;3000.00.00;369.733.274
C10838;4.767.644.535;806.00.00;8000.00.00;880.198.403
C10839;2.574.852.985;578.66;9500.00.00;3.219.440.365
C10840;3.405.005.439;08.04;10500.0;1.015.698.271
C10841;3.517.561.446;173.69;5000.00.00;5.091.300.312
C10843;1.748.546.186;74.98;1800.00.00;650.440.749
C10844;4.503.251;60.24.00;4000.00.00;47.123.242
C10845;2.717.915.641;1500.00.00;4600.00.00;949.592.719
C10846;1.841.359.829;2280.58.00;1800.00.00;2.463.113.969
C10847;1.399.729.932;00.00;3000.00.00;712.803.089
C10849;2.406.569.238;00.00;2400.00.00;314.272.712
C10850;285.308.422;00.00;3000.00.00;248.742.811
C10852;1.011.110.679;186.11.00;3000.00.00;634.853.367
C10853;1.358.890.643;89.09.00;7000.00.00;323.344.372
C10854;1.392.773.202;221.61;1700.00.00;369.345.758
C10855;487.584.965;4768.27.00;2500.00.00;1.980.213.325
C10856;1.892.439.622;86.07.00;2000.00.00;534.092.827
C10857;3.957.419.199;1162.63;7500.00.00;1.476.991.573
C10858;920.968.431;977.38.00;3350.00.00;549.396.517
C10859;227.781.773;1497.82;3500.00.00;34.279.543
C10860;4.270.148.411;363.00.00;5500.00.00;1.250.695.005
C10861;4.115.739.163;00.00;8500.00.00;1.006.261.579
C10862;1.375.845.223;00.00;1500.00.00;306.606.914
C10863;1.300.593.766;00.00;3000.00.00;386.660.071
C10865;1.304.357.015;1488.08.00;2000.00.00;612.674.919
C10866;1.372.725.482;992.25.00;4500.00.00;2.899.141.015
C10867;938.177.781;1288.42.00;1500.00.00;1.018.536.172
C10868;1.293.741;1102.72;4000.00.00;112.351.632
C10869;161.198.861;536.68;1000.00.00;280.826.685
C10870;825.977.042;00.00;2500.00.00;522.917.982
C10872;3.616.993.845;00.00;5500.00.00;529.726.072
C10873;8.220.740.014;5197.22.00;13000.0;1.288.644.123
C10874;4.438.521.324;591.84;17000.0;5.552.601.399
C10875;2.210.404.961;1790.64;10500.0;8.862.839.094
C10876;2.315.003.636;00.00;3000.00.00;2.467.952.091
C10878;62.596.086;475.00.00;1500.00.00;408.132.037
C10879;5.280.649.637;00.00;6000.00.00;1.648.300.986
C10880;170.907.823;1366.03.00;2000.00.00;3.453.112.338
C10881;1.271.212.003;76.94;1500.00.00;257.110.005
C10882;1.108.332.542;2126.07.00;15000.0;2.494.033.369
C10884;1.013.100.055;00.00;14500.0;4.056.944.212
C10885;441.930.294;12551.95;17000.0;3.169.841.902
C10886;2.173.621.597;200.00.00;8000.00.00;495.968.187
C10887;9.901.685.569;2190.95;11500.0;2.972.248.185
C10888;2.320.309.453;2896.05.00;13500.0;1.341.195.566
C10889;910.072.514;18.05;1000.00.00;233.886.707
C10892;268.493.643;4917.48.00;13500.0;3.552.167.671
C10893;1.827.200.326;1325.27.00;4000.00.00;666.371.943
C10894;102.966.874;1448.59.00;1200.00.00;3.008.279.166
C10895;993.533.549;851.68;1500.00.00;1.660.242.557
C10896;3.150.679.884;00.00;3500.00.00;819.246.481
C10897;1.165.455.492;463.00.00;12500.0;302.460.947
C10900;1.076.029.456;00.00;1200.00.00;239.407.898
C10901;1.444.365.154;780.14.00;9000.00.00;6.123.111.421
C10902;2.767.545.277;3480.24.00;12500.0;4.062.447.703
C10903;1.382.310.939;00.00;1500.00.00;381.094.555
C10904;716.017.731;00.00;12000.0;232.136.896
C10905;1.890.397.414;2493.67;3000.00.00;916.285.608
C10907;44.910.575;444.96;3000.00.00;426.881.014
C10910;847.013.195;00.00;1200.00.00;101.664.939
C10911;1.843.308.668;89.66;2000.00.00;375.878.055
C10912;21.681.508;299.04.00;7500.00.00;320.616.627
C10913;3.558.685.862;1036.19.00;7300.00.00;1.616.614.478
C10914;1.458.145.914;00.00;18500.0;2.094.132.551
C10915;902.099.225;5080.85;8000.00.00;177.879.919
C10916;1.081.065.726;554.85;2100.00.00;189.882.812
C10917;9.255.143.419;5153.28.00;11500.0;4.872.818.088
C10918;228.909.884;2617.85;1800.00.00;1.774.318.305
C10919;1.486.051.056;716.98;1600.00.00;1.477.151.065
C10920;337.317.432;4193.91;3000.00.00;3.690.904.874
C10921;264.339.225;965.84;4300.00.00;771.299.727
C10924;2.903.779.416;360.03.00;11500.0;3.014.036.186
C10925;233.694.622;1772.55.00;1200.00.00;764.816.144
C10926;15.052.492;1850.31.00;14000.0;1.856.821.119
C10927;306.686.081;84.65;8000.00.00;922.962.087
C10928;1.135.774;223.05.00;17500.0;19.280.601
C10929;6.366.085.376;407.86;12500.0;5.722.548.016
C10930;53.339.006;315.48.00;1000.00.00;193.699.669
C10931;1.917.203.534;00.00;2000.00.00;468.617.347
C10932;361.588.846;312.69;7500.00.00;867.628.724
C10933;5.878.663.267;1230.08.00;6500.00.00;253.548.125
C10934;7.143.680.599;00.00;13000.0;873.320.327
C10935;559.944.819;00.00;3000.00.00;1.964.825.042
C10937;170.120.332;302.00.00;2000.00.00;784.873.315
C10939;993.662.006;348.88;1200.00.00;33.562.347
C10940;939.152.528;3393.25.00;9000.00.00;2.768.821.579
C10941;7.427.807.223;205.89;9500.00.00;2.404.231.683
C10942;2.746.923.673;00.00;6500.00.00;2.017.190.799
C10943;24.820.164;209.00.00;1500.00.00;278.257.109
C10944;31.702.357;1051.52.00;4600.00.00;5.384.409.792
C10945;1.023.323.593;253.37.00;1200.00.00;463.956.486
C10946;2.957.267;202.72;4500.00.00;31.596.193
C10947;1.068.434.064;27.00.00;1200.00.00;219.692.369
C10949;6.725.109.914;6335.65;11000.0;3.203.884.297
C10950;515.135.703;2457.48.00;7000.00.00;2.858.180.367
C10951;0.867528;26.62;4500.00.00;18.336.805
C10952;542.051.302;4896.09.00;2500.00.00;5.338.901.791
C10954;189.411.023;678.00.00;2000.00.00;992.569.418
C10955;598.058.247;00.00;11000.0;9.736.897.362
C10958;55.741.802;963.35.00;14000.0;1.062.303.105
C10959;179.290.727;2540.09.00;5000.00.00;2.478.954.766
C10960;634.825.209;1478.36.00;1200.00.00;1.371.998.686
C10961;6.002.618.198;00.00;6500.00.00;1.498.948.148
C10962;1.104.960.744;45.65;1200.00.00;293.890.715
C10963;851.278.168;00.00;3000.00.00;4.998.620.598
C10966;3.122.171.879;974.03.00;3000.00.00;1.520.760.286
C10968;1.803.898.764;562.01.00;1800.00.00;201.058.964
C10969;330.273.411;53.08.00;2500.00.00;429.112.894
C10970;1.168.040.482;1113.01.00;6500.00.00;4.239.684.074
C10971;4.593.577.983;00.00;5250.00.00;106.491.324
C10972;391.179.957;7363.38.00;4500.00.00;1.189.144.907
C10973;1.235.832.132;421.15.00;17000.0;4.131.495.556
C10974;95.645.669;566.43.00;9000.00.00;73.895.095
C10975;2.072.457.624;17409.21;19500.0;195.171.616
C10976;3.215.307.061;00.00;3500.00.00;1.333.839.527
C10977;2.437.750.644;1177.64;3000.00.00;1.325.182.603
C10978;460.432.607;1009.44.00;4000.00.00;1.292.401.995
C10979;1.895.695.148;200.00.00;2000.00.00;861.663.355
C10980;51.161.976;736.72;4500.00.00;166.589.154
C10981;40.332.553;158.37.00;3000.00.00;2.280.290.156
C10983;1.462.280.124;516.00.00;1500.00.00;752.367.432
C10985;1.518.813.947;2110.98;1700.00.00;663.894.987
C10986;1.538.569.369;3852.37.00;6000.00.00;3.386.915.692
C10987;1.084.291.919;270.00.00;1200.00.00;371.168.672
C10988;390.810.498;1238.12.00;6000.00.00;1.147.443.975
C10989;16.553.858;308.16.00;2500.00.00;291.719.987
C10990;243.010.712;00.00;12000.0;196.932.031
C10992;192.037.218;1000.00.00;1500.00.00;1.128.431.348
C10993;1.493.440.295;00.00;1600.00.00;455.872.747
C10994;85.334.928;3209.14.00;10000.0;2.841.834.049
C10995;1.295.446.588;886.37.00;1800.00.00;2.966.291.948
C10996;4.890.470.857;00.00;7500.00.00;7.296.483.613
C10997;1.905.101.343;455.72;3000.00.00;576.311.637
C10998;69.016.286;749.09.00;1500.00.00;701.387.872
C10999;2.872.838.687;555.00.00;3000.00.00;1.397.027.257
C11000;243.773.951;1093.93;2900.00.00;556.213.673
C11001;160.816.558;1755.76;2500.00.00;1.633.050.111
C11002;2.802.369.018;829.15.00;3000.00.00;1.393.564.911
C11004;3.108.393.701;26582.34;28000.0;2.655.709.724
C11006;560.414.016;99.00.00;1000.00.00;407.819.493
C11007;2.001.030.926;1534.98;4000.00.00;867.884.346
C11008;1.216.893.766;76.03.00;1200.00.00;533.085.955
C11009;343.966.223;3927.12.00;5500.00.00;3.626.983.417
C11011;5.573.146.558;435.14.00;7000.00.00;1.587.909.833
C11013;146.419.148;367.94;1500.00.00;719.945.677
C11014;11.438.833;182.00.00;1500.00.00;169.708.108
C11015;1.355.312.146;1682.06.00;13000.0;6.965.353.704
C11016;35.762.718;3070.45.00;18500.0;4.023.111.073
C11017;1.368.288.512;34.00.00;1600.00.00;1.913.744.848
C11018;287.008.219;490.21.00;6000.00.00;5.956.127.312
C11020;105.553.207;170.00.00;1200.00.00;229.301.004
C11021;34.215.478;36.00.00;3500.00.00;404.993.426
C11022;165.700.863;1806.97;3500.00.00;1.595.482.975
C11023;5.317.783.607;00.00;6500.00.00;3.154.862.353
C11024;1.532.278.572;2612.01.00;6500.00.00;1.348.321.843
C11025;1.506.516.549;1188.78;6500.00.00;2.813.165.078
C11026;195.804.466;00.00;1950.00.00;550.825.801
C11027;284.516.043;735.09.00;10500.0;6.006.492.582
C11028;1.268.352.178;1533.28.00;1200.00.00;3.363.275.481
C11029;1.250.394.614;443.99;3500.00.00;273.823.646
C11030;9.503.968;96.62;4500.00.00;1.086.932.525
C11031;2.285.068.731;00.00;2500.00.00;381.672.065
C11032;2.928.756.699;160.92;3000.00.00;1.142.847.203
C11033;1.460.178.578;937.96;1500.00.00;1.186.859.701
C11034;2.022.469.335;22.05;10000.0;2.062.495.163
C11036;76.483.078;69.00.00;4500.00.00;462.226.271
C11038;3.766.072.756;64.82;4150.00.00;1.019.849.756
C11039;108.307.662;00.00;1200.00.00;309.300.185
C11040;250.123.525;2655.99;3600.00.00;315.589.347
C11041;41.146.561;825.00.00;2500.00.00;887.677.869
C11042;3.340.233.396;1783.57.00;8000.00.00;6.173.822.229
C11043;97.649.883;1092.59.00;18000.0;1.399.323.719
C11045;1.239.889.457;3914.15.00;9500.00.00;3.980.107.176
C11046;3.846.498.183;788.54.00;4200.00.00;2.071.865.365
C11047;1.237.333.348;830.15.00;11000.0;1.404.086.635
C11048;1.958.327.414;00.00;2100.00.00;404.070.285
C11049;411.727.643;1037.82;6500.00.00;1.461.416.883
C11051;2.128.151.695;00.00;2100.00.00;138.907.177
C11052;1.046.785.259;00.00;3000.00.00;87.879.339
C11053;640.595.851;2496.57.00;3000.00.00;1.145.707.252
C11054;270.096.134;3061.26.00;6000.00.00;3.594.046.318
C11055;1.583.622.027;45.65;1700.00.00;317.911.208
C11056;380.384.776;1188.00.00;9000.00.00;2.461.320.337
C11057;445.409.094;307.11.00;1500.00.00;467.844.102
C11058;117.949.494;1368.88;4500.00.00;455.527.411
C11059;2.608.143.732;207.68;3000.00.00;1.243.840.314
C11060;48.521.324;514.97;5500.00.00;380.613.937
C11061;1.076.571.029;45.65;1200.00.00;29.978.995
C11062;2.294.145.941;29.29.00;2100.00.00;149.363.733
C11063;25.570.988;45.65;1500.00.00;491.455.491
C11064;5.049.442.457;00.00;8500.00.00;8.574.541.634
C11065;5.516.201.451;00.00;6000.00.00;14.434.332
C11066;300.782.119;2590.95;10000.0;3.286.584.674
C11068;5.842.231.445;452.59.00;7500.00.00;4.431.489.516
C11069;7.980.453;00.00;9500.00.00;198.014.471
C11070;4.677.242.936;125.00.00;5000.00.00;1.087.866.649
C11071;109.527.596;119.00.00;1200.00.00;36.505.305
C11072;6.432.685.892;00.00;7000.00.00;1.549.916.395
C11073;328.242.971;1555.66;3500.00.00;1.052.275.904
C11075;209.178.326;34.00.00;6000.00.00;635.909.695
C11076;1.463.302.373;00.00;17000.0;1.719.462.756
C11078;68.690.623;734.37.00;10500.0;837.517.806
C11079;1.268.144.319;00.00;1500.00.00;499.961.286
C11081;140.349.336;1042.52.00;6000.00.00;3.212.647.061
C11082;1.838.106.824;2682.25.00;4500.00.00;1.891.062.946
C11083;1.688.534.078;280.00.00;1800.00.00;547.982.657
C11084;1.048.067.171;00.00;1200.00.00;369.895.952
C11085;4.862.641.586;1302.37.00;6000.00.00;1.723.432.154
C11086;554.289.791;90.00.00;7000.00.00;414.117.463
C11087;65.645.186;735.69;3000.00.00;1.302.778.971
C11088;1.389.598.597;6058.03.00;4000.00.00;6.528.829.703
C11089;230.161.419;750.05.00;14000.0;1.207.021.598
C11090;56.536.572;499.92;3000.00.00;496.551.862
C11091;3.937.618;256.05.00;1200.00.00;16.437.267
C11093;224.937.583;1956.08.00;10000.0;1.908.733.611
C11094;8.823.284.205;3719.00.00;15500.0;2.815.097.869
C11095;1.005.332.554;00.00;1200.00.00;347.446.739
C11096;160.852.061;4704.98;4500.00.00;4.372.542.801
C11097;1.594.527.848;60.00.00;1800.00.00;422.765.741
C11098;5.961.863.054;320.08.00;7000.00.00;1.894.746.827
C11099;864.975.705;66.07.00;1000.00.00;413.167.127
C11100;2.683.746.154;130.00.00;4500.00.00;61.042.602
C11101;6.914.784;71.04.00;2000.00.00;2.155.251
C11102;174.711.949;285.45.00;3000.00.00;420.862.309
C11103;4.069.525.304;259.84;7500.00.00;1.105.027.682
C11104;601.369.472;35.08.00;750.00.00;255.502.079
C11105;105.092.679;150.00.00;1000.00.00;238.619.393
C11106;62.635.576;611.31.00;1500.00.00;5.146.675
C11107;814.269.404;00.00;1200.00.00;257.187.514
C11108;1.026.874.467;153.96;8500.00.00;1.676.090.994
C11109;42.125.651;453.89;6500.00.00;793.296.498
C11110;367.596.554;00.00;1200.00.00;274.204.055
C11111;3.409.130.731;00.00;6000.00.00;2.203.045.653
C11112;15.216.647;133.00.00;1200.00.00;780.127.863
C11113;206.305.547;1594.00.00;4500.00.00;1.605.613.993
C11114;389.222.326;929.99;6500.00.00;951.737.085
C11115;39.274.052;431.49.00;1500.00.00;745.768.447
C11116;413.987.831;985.79;3000.00.00;887.885.624
C11117;1.549.600.093;00.00;5000.00.00;793.363.907
C11118;8.640.998;00.00;6000.00.00;1.126.769.478
C11119;8.579.793;931.98;7500.00.00;875.423.848
C11120;48.157.955;648.24.00;2000.00.00;753.720.188
C11122;4.046.574.741;1757.44.00;4500.00.00;1.721.705.144
C11123;1.522.831.212;00.00;5000.00.00;1.110.576.652
C11124;2.016.049.201;1372.57.00;5500.00.00;3.582.470.327
C11125;72.251.911;665.05.00;4000.00.00;1.443.726.409
C11126;5.336.743.176;680.97;8500.00.00;1.272.722.158
C11128;7.527.502;65.75;4000.00.00;187.936.242
C11129;126.288.817;313.02.00;1500.00.00;1.960.519.301
C11130;1.850.509.525;00.00;2000.00.00;498.436.823
C11131;3.019.820.556;1158.28.00;7500.00.00;804.815.422
C11132;1.382.240.511;113.03.00;3000.00.00;2.780.931.453
C11133;6.338.717;171.00.00;4000.00.00;495.808.559
C11134;3.676.070.324;2255.01.00;3500.00.00;2.055.087.209
C11136;585.894.756;896.18.00;7000.00.00;3.948.663.657
C11137;35.578.362;464.51.00;3000.00.00;452.522.327
C11138;153.162.696;1198.02.00;7000.00.00;1.108.354.624
C11139;3.140.698.358;1961.78;6000.00.00;5.361.346.807
C11140;2.239.937.878;90.00.00;3500.00.00;518.134.344
C11141;510.233.775;436.74;3500.00.00;484.285.337
C11142;683.971.012;294.00.00;3500.00.00;157.837.444
C11143;703.053.063;335.99;7500.00.00;2.300.799.763
C11145;3.508.560.867;00.00;9000.00.00;4.508.112.909
C11146;8.115.039.014;383.42.00;11000.0;1.982.542.865
C11148;4.294.953.211;00.00;7000.00.00;3.129.359.671
C11149;256.433.357;206.35.00;1000.00.00;689.933.057
C11150;297.985.886;116.18.00;1000.00.00;1.178.583.629
C11151;1.386.020.611;00.00;6000.00.00;1.736.121.099
C11152;5.311.877.259;299.94;6000.00.00;7.105.878.792
C11153;417.878.821;364.00.00;5000.00.00;1.039.551.142
C11154;94.241.684;1019.34.00;5000.00.00;1.014.359.244
C11155;0.48805;121.00.00;13000.0;239.482.389
C11156;293.029.263;3094.97;14500.0;2.543.550.697
C11157;857.843.162;00.00;7500.00.00;980.396.237
C11158;4.688.103.434;00.00;5000.00.00;981.149.809
C11159;1.373.174.839;215.00.00;8500.00.00;598.012.696
C11162;661.423.035;1109.53.00;7500.00.00;3.137.508.664
C11163;749.127.741;80.03.00;1950.00.00;214.230.371
C11164;2.391.843.543;3279.57.00;5000.00.00;1.226.566.229
C11165;677.188.172;3777.59.00;4000.00.00;5.499.745.992
C11166;26.787.185;114.00.00;1200.00.00;333.794.157
C11167;20.962.217;290.36.00;10000.0;25.556.413
C11169;95.251.575;129.95;1500.00.00;179.101.792
C11170;6.090.522.273;22.16;9000.00.00;5.687.811
C11172;987.584.177;00.00;1200.00.00;44.868.922
C11173;51.422.178;00.00;5500.00.00;1.444.167.453
C11174;2.136.082.193;00.00;6500.00.00;1.943.803.344
C11175;3.551.355.769;1283.65;5500.00.00;2.244.998.109
C11176;1.306.436.456;00.00;1500.00.00;349.408.692
C11177;710.199.118;3442.08.00;7000.00.00;3.082.037.592
C11178;2.847.608.209;1399.05.00;7500.00.00;1.094.003.828
C11179;159.602.939;466.18.00;1500.00.00;463.861.161
C11180;4.461.155.061;190.00.00;5000.00.00;1.240.620.735
C11181;2.861.137.399;00.00;3000.00.00;752.365.473
C11182;1.180.758.966;1274.54.00;4500.00.00;1.351.787.519
C11184;4.613.570.499;00.00;6000.00.00;922.218.961
C11185;126.121.035;590.00.00;2500.00.00;147.172.027
C11186;7.638.382.236;00.00;15500.0;2.284.390.267
C11187;1.931.821.799;120.00.00;2100.00.00;476.682.076
C11188;5.538.646.971;460.57.00;9500.00.00;1.253.713.151
C11189;1.818.441.161;904.03.00;1700.00.00;1.251.158.216
C11190;4.550.717.687;2094.99;7600.00.00;3.172.264.416
C11192;741.294.747;7096.36.00;7500.00.00;6.642.324.858
C11193;802.618.739;2860.32.00;4500.00.00;2.024.536.409
C11195;645.299.519;1310.84;2500.00.00;140.276.066
C11196;42.366.061;463.32.00;6500.00.00;499.856.766
C11197;2.127.069.602;743.38.00;2100.00.00;1.047.607.919
C11199;76.059.828;927.01.00;1500.00.00;906.712.652
C11200;25.659.372;951.01.00;6000.00.00;865.208.858
C11201;269.309.231;280.25.00;2500.00.00;176.415.802
C11202;230.823.876;1842.33.00;3000.00.00;1.651.128.297
C11203;6.903.243;145.01.00;3000.00.00;162.930.205
C11204;537.002.861;2275.97;3000.00.00;1.575.697.754
C11205;3.222.221.884;356.04.00;3500.00.00;835.314.447
C11206;7.370.257.624;00.00;7500.00.00;2.278.457.657
C11207;20.889.413;244.02.00;4000.00.00;541.817.138
C11208;74.568.421;600.00.00;6000.00.00;1.307.801.313
C11209;1.059.103;25.05.00;5500.00.00;563.748.018
C11210;1.109.366.186;348.78;1200.00.00;438.733.395
C11211;1.114.122.532;348.47.00;1200.00.00;63.149.296
C11212;348.965.773;1019.04.00;1000.00.00;214.987.376
C11213;949.259.857;00.00;1000.00.00;169.264.551
C11214;6.306.501.319;205.03.00;14000.0;1.646.635.328
C11215;1.393.527.992;00.00;9000.00.00;638.403.004
C11216;364.140.613;1462.38.00;2500.00.00;18.584.353
C11217;72.706.076;508.56.00;7000.00.00;2.197.473.031
C11219;1.688.521.097;00.00;3000.00.00;357.227.487
C11220;229.913.693;2406.77;10000.0;2.239.201.417
C11221;123.791.796;1202.05.00;2500.00.00;1.623.347.254
C11222;1.786.707.643;00.00;3000.00.00;1.612.796.944
C11223;971.681.565;133.31.00;1000.00.00;496.155.153
C11224;3.959.912.911;00.00;4000.00.00;701.794.235
C11225;1.771.028.068;360.00.00;5000.00.00;4.681.869.188
C11226;543.350.448;00.00;6000.00.00;7.158.478.105
C11227;189.969.435;2071.55.00;9000.00.00;1.679.943.402
C11228;214.610.294;496.00.00;2500.00.00;739.051.121
C11229;4.620.029;59.67;3000.00.00;60.665.896
C11230;32.779.456;212.58.00;1500.00.00;33.858.363
C11231;2.191.369.256;1197.02.00;4500.00.00;1.643.269.684
C11234;1.893.611.922;22746.81;18000.0;2.255.828.457
C11235;230.936.733;00.00;3000.00.00;4.024.820.049
C11236;42.585.012;534.26.00;7000.00.00;3.391.718.043
C11237;1.060.385.693;5327.61;6000.00.00;8.412.649.548
C11238;867.728.471;41.07.00;3000.00.00;1.409.282.903
C11239;8.884.816.576;1233.58.00;13000.0;5.574.916.601
C11240;77.273.142;963.61;3500.00.00;1.218.480.845
C11241;915.981.419;2037.24.00;3500.00.00;411.176.707
C11242;177.355.165;1179.03.00;7500.00.00;81.501.939
C11243;653.004.882;2035.29.00;9500.00.00;7.590.280.949
C11244;332.231.489;676.00.00;10000.0;867.587.298
C11245;49.022.296;480.27.00;2500.00.00;636.766.732
C11246;5.022.775.729;2117.05.00;7000.00.00;1.588.794.697
C11247;2.451.938;37.75;4000.00.00;426.039.083
C11248;39.977.967;432.05.00;10000.0;1.282.534.281
C11249;247.063.258;1448.74;5000.00.00;1.313.816.616
C11250;1.327.775.159;534.93;1500.00.00;578.744.266
C11251;2.372.842.569;218.00.00;6500.00.00;529.808.323
C11252;2.705.149.599;328.61;7000.00.00;4.724.801.558
C11253;92.782.518;921.82;1200.00.00;4.644.142.145
C11254;4.398.104;76.00.00;1500.00.00;307.868.817
C11255;9.387.614.011;00.00;12000.0;2.202.134.525
C11256;156.536.773;1903.66;9000.00.00;2.093.551.911
C11257;233.393.741;2346.94;4500.00.00;2.029.208.283
C11258;3.597.728.209;1043.00.00;6000.00.00;1.222.771.295
C11259;2.549.291;322.98;9500.00.00;1.210.429.773
C11260;5.630.793.848;2743.66;10500.0;1.251.781.578
C11261;1.592.168.416;00.00;4500.00.00;113.823.658
C11262;599.044.829;6528.65;12000.0;5.779.079.513
C11263;5.801.666;88.97;2720.00.00;620.204.737
C11264;31.876.386;311.05.00;6000.00.00;320.176.291
C11265;41.620.283;689.04.00;10000.0;71.815.858
C11266;408.732.898;00.00;5000.00.00;1.966.629.097
C11267;5.260.527;263.16.00;6000.00.00;385.107.859
C11268;238.184.435;2068.15.00;4000.00.00;2.143.223.171
C11269;3.437.033.859;1858.07.00;9000.00.00;6.062.441.603
C11270;341.467.517;3446.96;10500.0;3.273.239.834
C11271;2.500.029.691;1103.05.00;8500.00.00;617.471.865
C11273;64.772.996;00.00;11500.0;2.480.091.913
C11274;1.037.653.522;584.04.00;1200.00.00;572.911.937
C11275;1.134.726.574;00.00;1200.00.00;78.603.131
C11276;1.564.180.333;942.22.00;2200.00.00;2.852.584.209
C11277;5.558.459;395.05.00;5500.00.00;5.319.538
C11278;61.109.731;438.08.00;1500.00.00;367.594.796
C11279;5.340.221;35.97;2000.00.00;83.093.843
C11280;2.593.115.716;00.00;6000.00.00;2.420.926.404
C11281;1.240.875;85.05.00;1500.00.00;414.010.478
C11282;1.548.224.072;696.63;1800.00.00;588.329.981
C11283;1.547.154.381;00.00;1700.00.00;438.446.345
C11284;527.965.041;2808.02.00;7000.00.00;2.823.313.675
C11285;998.231.433;1622.23.00;2500.00.00;987.085.976
C11286;5.220.637.076;2911.02.00;6000.00.00;2.044.047.768
C11287;39.581.907;37.00.00;2500.00.00;243.495.592
C11288;1.739.666.192;00.00;4500.00.00;5.130.543.752
C11289;1.382.168.038;00.00;1500.00.00;598.968.477
C11290;11.047.149;180.05.00;4000.00.00;269.952.974
C11291;1.121.833.202;2940.00.00;3500.00.00;1.279.460.209
C11292;1.222.083.116;1492.21.00;7000.00.00;1.409.156.293
C11293;3.850.206.279;2434.05.00;9000.00.00;6.120.323.572
C11294;51.640.786;434.72;4500.00.00;998.961.098
C11295;621.386.746;178.83;1200.00.00;96.011.391
C11296;1.096.949.604;227.55.00;2500.00.00;397.836.763
C11297;75.039.332;588.05.00;9000.00.00;707.386.471
C11298;939.102.758;00.00;4000.00.00;501.827.788
C11299;2.321.846.501;2675.00.00;2500.00.00;5.458.081.568
C11300;4.010.621.974;40040.71;18000.0;3.399.472.785
C11301;139.511.394;1247.75;5000.00.00;2.017.650.301
C11302;25.698.927;244.00.00;7000.00.00;383.150.843
C11303;1.856.590.921;00.00;3000.00.00;2.356.790.318
C11304;18.776.309;59.00.00;1200.00.00;127.623.057
C11305;2.596.455.261;00.00;3000.00.00;71.450.351
C11306;661.914.864;35.92;13500.0;2.071.643.344
C11307;317.657.562;4398.35.00;16500.0;4.028.380.624
C11308;6.912.431.438;1483.09.00;14500.0;2.701.466.431
C11309;1.200.682;126.00.00;3000.00.00;171.837.196
C11310;173.940.108;958.05.00;16000.0;3.213.848.412
C11311;661.199.437;150.00.00;2500.00.00;290.372.365
C11312;12.659.909;5252.04.00;7350.00.00;4.086.011.768
C11313;2.425.836.071;3502.99;7000.00.00;3.871.983.102
C11314;27.263.365;231.00.00;5000.00.00;174.589.426
C11315;20.819.101;2395.88;5000.00.00;2.131.759.516
C11316;12.654.903;120.00.00;4500.00.00;291.598.507
C11317;1.727.333.496;560.75;2500.00.00;509.825.296
C11318;1.727.295.159;719.76;1800.00.00;724.437.944
C11319;801.110.294;4276.89;7500.00.00;4.750.947.157
C11320;144.129.221;949.59.00;4000.00.00;999.711.434
C11321;1.497.129.794;2571.48.00;2500.00.00;317.711.973
C11322;1.770.072.581;00.00;2500.00.00;1.390.781.416
C11323;43.124.063;491.43.00;2100.00.00;714.720.575
C11324;200.971.458;569.68;4000.00.00;311.300.085
C11326;5.086.333.429;548.89;8500.00.00;7.327.589.749
C11327;1.469.212.816;220.69;2000.00.00;416.172.003
C11328;80.054.576;315.00.00;300.00.00;1.054.977.467
C11329;249.140.601;655.94;10500.0;907.604.425
C11330;505.313.231;4471.79;14500.0;4.393.043.928
C11331;396.419.487;4349.34.00;5000.00.00;4.381.453.625
C11332;5.858.617.133;2761.41.00;11000.0;1.919.207.449
C11334;1.790.707.374;1368.00.00;3500.00.00;672.614.794
C11335;2.006.218.006;4572.63;6500.00.00;1.670.202.477
C11336;4.609.210.475;335.00.00;6000.00.00;6.344.618.447
C11337;123.089.579;1150.78;14500.0;10.350.287
C11338;39.509.879;699.44.00;4000.00.00;994.405.792
C11339;2.628.511.837;273.00.00;7500.00.00;461.345.321
C11340;31.473.181;220.05.00;3750.00.00;1.199.475.254
C11341;421.475.963;2218.26.00;4500.00.00;2.031.739.917
C11342;5.561.206.188;1120.29.00;6000.00.00;2.013.621.078
C11343;2.138.185.971;45.65;2500.00.00;728.892.219
C11344;275.956.562;1943.01.00;1800.00.00;5.018.330.901
C11345;2.894.348.509;657.71;3500.00.00;3.166.765.636
C11346;15.173.238;316.91;11000.0;348.334.373
C11347;541.240.795;5999.95;16000.0;6.850.328.106
C11348;1.426.870.236;00.00;1500.00.00;32.497.095
C11349;373.243.163;3603.23.00;6000.00.00;4.752.699.763
C11350;3.892.352.781;6068.82;7500.00.00;441.782.569
C11351;1.172.344.218;454.21.00;1000.00.00;447.202.927
C11352;1.786.846.869;00.00;6000.00.00;4.203.245.105
C11353;2.727.004;3298.55.00;16000.0;3.629.836.534
C11354;68.845.891;853.44.00;11500.0;789.202.649
C11355;120.964.472;00.00;1200.00.00;997.765.267
C11356;2.415.412.234;3313.65;8500.00.00;85.881.107
C11357;50.435.246;553.73;13000.0;37.123.017
C11358;1.094.221.693;35.00.00;1200.00.00;348.094.372
C11359;2.249.731.727;2598.54.00;9000.00.00;1.152.945.008
C11360;3.007.093.879;00.00;3500.00.00;878.602.529
C11361;314.323.132;255.08.00;5500.00.00;734.825.068
C11362;1.392.814.234;845.51.00;1700.00.00;622.228.025
C11363;799.433.168;224.51.00;13000.0;1.885.941.844
C11364;3.661.051.976;764.00.00;9000.00.00;872.241.096
C11365;910.682.404;00.00;1500.00.00;1.687.978.206
C11366;779.500.096;689.04.00;7000.00.00;1.663.032.141
C11367;245.199.649;2241.84;6000.00.00;2.033.297.863
C11368;1.279.305.202;2071.07.00;2500.00.00;2.792.076.889
C11369;57.862.875;579.00.00;5000.00.00;212.454.787
C11370;1.200.435.451;886.56.00;1200.00.00;1.118.707.982
C11371;1.152.710.352;1392.00.00;9500.00.00;1.147.368.802
C11372;2.767.251.585;00.00;6000.00.00;790.443.616
C11373;3.013.581.545;00.00;3000.00.00;729.037.137
C11374;363.344.239;665.86;4000.00.00;1.734.889.908
C11375;4.657.477.375;237.52.00;4500.00.00;1.613.851.352
C11376;341.456.099;2091.44.00;3000.00.00;2.252.250.986
C11377;7.656.390.367;00.00;8000.00.00;202.091.393
C11378;5.729.703.345;265.00.00;14000.0;1.170.795.352
C11380;673.358.763;280.00.00;11000.0;1.713.576.478
C11381;4.359.126.852;00.00;4500.00.00;972.402.021
C11382;18.898.762;212.05.00;1000.00.00;275.063.898
C11383;32.547.428;3030.04.00;3000.00.00;311.711.898
C11384;162.905.422;1600.00.00;6000.00.00;2.733.152.899
C11385;80.363.442;2370.44.00;1500.00.00;237.335.922
C11386;5.924.719.712;246.56.00;12000.0;2.294.481.074
C11387;5.161.854.898;4542.33.00;7500.00.00;337.637.909
C11388;319.388.468;1674.09.00;7500.00.00;1.907.796.411
C11389;61.976.914;401.63;6000.00.00;806.587.482
C11390;5.608.513.514;00.00;11000.0;1.648.391.392
C11391;661.135.323;568.81;1700.00.00;239.759.567
C11392;130.977.369;527.00.00;7500.00.00;493.086.038
C11394;831.404.268;00.00;3500.00.00;8.450.958.983
C11395;2.153.498.372;5428.77;12500.0;40.593.757
C11396;7.886.875.682;968.26.00;9500.00.00;2.016.609.163
C11397;148.826.903;3386.58.00;16500.0;4.474.571.671
C11398;15.730.229;163.24.00;1200.00.00;179.844.127
C11399;177.268.927;429.88;7000.00.00;1.590.946.442
C11400;20.933.565;295.32.00;3000.00.00;315.301.272
C11401;920.872.172;296.64;1200.00.00;119.369.967
C11402;4.240.449.485;2798.36.00;4500.00.00;539.231.042
C11403;4.427.994.044;1039.49.00;11500.0;111.044.826
C11404;1.872.126;1807.08.00;10000.0;1.681.194.004
C11405;9.680.188.434;00.00;12000.0;2.428.847.512
C11406;1.186.928.037;2178.00.00;7000.00.00;2.565.252.377
C11407;85.053.515;1244.07.00;16000.0;2.326.997.535
C11408;2.054.372.848;833.28.00;4000.00.00;1.020.782.939
C11409;60.835.983;1151.45.00;4000.00.00;1.499.855.842
C11410;143.846.998;00.00;1500.00.00;298.435.921
C11411;574.578.949;00.00;13500.0;1.684.800.793
C11412;746.693.629;615.02.00;1000.00.00;1.693.123.192
C11413;4.183.877.488;353.75;9000.00.00;8.713.847.904
C11414;1.140.787.563;2796.54.00;4500.00.00;2.139.874.585
C11415;281.469.522;2500.03.00;12000.0;2.463.043.567
C11416;73.507.271;890.45.00;8500.00.00;999.607.298
C11417;2.297.696.272;2764.00.00;6000.00.00;651.887.762
C11418;1.064.037.564;55.52.00;4000.00.00;2.427.690.302
C11419;2.792.534.256;9661.37.00;8500.00.00;6.000.763.458
C11420;606.246.031;3876.00.00;6500.00.00;1.745.666.361
C11421;65.253.182;1027.41.00;6000.00.00;1.558.234.063
C11422;73.532.797;1185.03.00;2500.00.00;1.558.325.533
C11423;23.956.905;186.05.00;16500.0;410.798.862
C11424;4.098.215.967;00.00;7500.00.00;92.208.551
C11425;1.916.470.203;380.00.00;8500.00.00;577.247.923
C11426;21.639.571;191.07.00;7000.00.00;3.692.246.322
C11427;841.398.158;860.02.00;15500.0;1.198.790.549
C11428;3.857.747.562;777.92;6500.00.00;584.578.102
C11429;1.920.231.187;167.08.00;2300.00.00;625.532.634
C11430;304.664.917;2601.67;4000.00.00;2.875.007.088
C11431;1.753.241;00.00;3000.00.00;704.789.521
C11432;1.599.053;188.00.00;3000.00.00;356.465.959
C11433;7.422.444.145;148.29.00;9000.00.00;2.299.218.749
C11434;19.831.397;487.61;3000.00.00;901.719
C11435;2.712.176.691;00.00;3000.00.00;65.976.111
C11436;14.434.808;237.48.00;2500.00.00;216.922.698
C11437;137.624.407;00.00;1500.00.00;685.228.947
C11438;164.684.836;622.09.00;3000.00.00;825.929.531
C11439;2.837.112.414;00.00;8000.00.00;660.781.751
C11440;931.047.119;494.00.00;4000.00.00;415.139.393
C11441;438.753.147;1252.01.00;6500.00.00;867.534.492
C11442;364.398.745;1087.66;3000.00.00;763.738.703
C11443;2.135.365.916;00.00;3000.00.00;565.655.851
C11444;27.164.388;554.35.00;3000.00.00;446.722.613
C11445;468.693.449;4930.68;12000.0;4.552.742.211
C11446;1.080.956.258;386.78;2600.00.00;3.078.374.295
C11447;284.947.477;574.92;2500.00.00;3.909.150.905
C11448;584.287.125;00.00;1000.00.00;1.029.191.073
C11449;3.304.829.014;2577.07.00;5000.00.00;1.411.392.046
C11450;39.665.224;265.92;2000.00.00;295.676.965
C11451;83.279.708;899.73;8000.00.00;1.846.833.247
C11452;227.636.073;3050.64;8000.00.00;2.597.767.395
C11453;928.666.372;00.00;1000.00.00;1.374.841.601
C11454;57.764.354;454.02.00;10500.0;712.993.271
C11455;116.626.679;533.99;4000.00.00;606.890.738
C11456;8.787.333.948;00.00;12000.0;1.919.111.579
C11457;400.732.326;3333.95;6000.00.00;6.967.667.428
C11458;972.665.818;10549.19;9000.00.00;1.011.418.854
C11459;697.525.591;462.38.00;1000.00.00;134.938.594
C11460;4.279.153.917;1006.17.00;7500.00.00;836.921.157
C11461;920.922.411;1227.93;8500.00.00;221.982.375
C11463;3.308.148.118;3767.75;3000.00.00;3.396.558.042
C11464;19.945.714;170.00.00;6500.00.00;734.613.034
C11466;86.898.325;1104.65;1800.00.00;1.962.562.543
C11467;0.001214;00.00;7500.00.00;231.081.616
C11468;311.357;2283.07.00;9000.00.00;2.395.548.466
C11469;21.986.298;568.78;3800.00.00;1.448.573.986
C11470;1.245.890.862;5380.03.00;4500.00.00;6.133.623.121
C11471;867.444.685;8751.49.00;4000.00.00;8.622.953.253
C11472;8.625.355.309;1945.95;12000.0;3.732.923.009
C11473;31.973.194;94.53.00;2100.00.00;114.614.967
C11474;112.973.151;00.00;6000.00.00;552.938.783
C11475;1.337.162.883;4544.48.00;7500.00.00;339.495.009
C11476;1.738.553.751;00.00;1800.00.00;44.033.622
C11477;449.556.041;143.00.00;5000.00.00;4.723.998.143
C11478;1.227.548.135;322.00.00;1000.00.00;13.336.143
C11479;48.213.487;403.01.00;7000.00.00;341.196.389
C11480;58.949.864;2074.57.00;6000.00.00;1.694.490.864
C11481;1.367.479.599;12375.0;16500.0;1.524.611.594
C11482;2.920.392.514;2673.73;15000.0;3.319.325.665
C11483;6.462.461.789;479.98;10500.0;2.373.476.104
C11484;1.887.119.184;2450.73;4200.00.00;153.431.902
C11485;6.732.184;685.15.00;9000.00.00;526.120.039
C11486;912.857.498;831.03.00;5500.00.00;95.682.798
C11487;961.391.452;3783.25.00;11000.0;1.906.997.697
C11488;145.584.622;592.82;1500.00.00;1.226.999.404
C11489;44.687.434;679.00.00;3750.00.00;717.927.436
C11490;7.103.925.375;220.74;10500.0;2.070.710.343
C11491;2.337.713.483;773.07.00;9500.00.00;1.004.760.912
C11492;619.375.758;6133.45.00;7000.00.00;5.505.517.545
C11493;1.168.007.346;539.00.00;8500.00.00;946.105.536
C11494;556.359.504;1111.12.00;2500.00.00;1.248.404.553
C11495;8.151.985.277;25615.07;17000.0;1.757.520.083
C11496;1.198.223;317.02.00;6000.00.00;304.637.365
C11497;2.492.985.289;74.05.00;2500.00.00;1.577.510.657
C11498;1.143.178.621;00.00;14500.0;3.967.893.848
C11499;4.116.869.029;00.00;10500.0;7.310.396.611
C11500;1.117.368.286;972.38.00;1900.00.00;667.050.505
C11501;570.519.862;942.68;9000.00.00;1.090.920.512
C11502;91.663.778;4627.08.00;16500.0;6.083.511.913
C11503;63.685.705;690.84;2500.00.00;676.624.615
C11504;965.605.202;215.00.00;1000.00.00;398.080.493
C11505;173.658.581;1210.00.00;1000.00.00;977.652.258
C11506;4.382.924;130.24.00;14000.0;2.898.897.388
C11507;1.708.478.796;1406.14.00;6500.00.00;449.234.708
C11508;222.321.892;2417.54.00;8500.00.00;2.222.490.788
C11509;465.033.038;247.36.00;8500.00.00;506.365.178
C11510;6.138.163.709;00.00;11500.0;1.337.056.317
C11511;668.102.701;4943.92;7000.00.00;4.869.034.025
C11512;4.146.527.042;178.00.00;8500.00.00;911.108.606
C11513;168.708.958;5094.17.00;8000.00.00;3.606.985.963
C11514;1.995.089.853;8335.69;7000.00.00;3.348.095.046
C11515;1.818.447.016;413.00.00;2000.00.00;757.096.312
C11516;33.225.168;655.15.00;500.00.00;736.122.329
C11517;1.060.736.973;00.00;3000.00.00;3.812.753.505
C11518;129.613.905;1083.04.00;5500.00.00;1.958.462.851
C11519;262.106.758;2625.84;4500.00.00;2.489.949.174
C11520;27.694.103;474.96;7500.00.00;611.396.021
C11522;294.381.106;828.00.00;1000.00.00;542.108.571
C11523;1.895.786.893;2131.31.00;5500.00.00;1.095.198.415
C11524;2.550.528.085;00.00;3000.00.00;674.847.656
C11526;2.475.660.894;440.00.00;10500.0;511.059.528
C11527;149.919.943;3245.23.00;8000.00.00;2.961.631.164
C11528;3.181.996.689;2046.06.00;10400.0;9.801.637.331
C11529;39.761.286;2858.26.00;7500.00.00;3.327.955.123
C11530;22.794.308;12.00;1600.00.00;119.909.635
C11531;211.852.034;00.00;4000.00.00;1.420.257.435
C11532;2.629.928.623;2830.88;4500.00.00;4.889.053.647
C11533;1.057.585.071;1008.03.00;1200.00.00;1.083.253.347
C11534;180.315.352;1642.26.00;7000.00.00;160.927.261
C11536;2.402.800.575;00.00;7000.00.00;3.590.813.278
C11537;324.129.164;1119.56.00;12500.0;1.441.367.488
C11538;5.868.206.909;911.56.00;9000.00.00;1.068.212.206
C11539;937.434.519;1124.88;2500.00.00;993.196.174
C11540;4.804.072.481;00.00;5000.00.00;1.589.654.582
C11541;1.177.125.233;8190.09.00;5000.00.00;7.007.797.351
C11542;4.393.185.874;00.00;8000.00.00;5.943.975.673
C11543;169.584.301;317.04.00;1800.00.00;708.699.641
C11544;1.830.571.451;737.67;2000.00.00;2.338.783.266
C11545;167.505.508;1219.00.00;4500.00.00;1.989.674.433
C11546;1.075.401.912;150.00.00;1200.00.00;224.135.558
C11547;392.992.722;508.32.00;1500.00.00;168.998.137
C11548;136.743.106;1466.05.00;6000.00.00;1.519.011.448
C11549;2.619.752.921;3563.07.00;4500.00.00;1.227.952.887
C11550;432.385.707;2171.86;1200.00.00;1.980.281.176
